{
  "format_version":"1.8.0",
  "minecraft:client_entity": {
    "description": {
      "identifier": "vwings:demon_wings",
      "materials": {
        "default": "demon_wings"
      },
      "textures": {
        "locked": "textures/entity/demon_wings/demon_wings",
        "unlocked": "textures/entity/demon_wings/demon_wings"
      },
      "geometry": {
        "default": "geometry.single_wings"
      },
      "render_controllers": [ "controller.render.demon_wings" ],
      "locators": {
        "lead": { "head": [ -3.0, 0.0, -3.0 ] }
      },
      "spawn_egg": {
        "texture": "vwings_spawn_egg",
        "texture_index": 0
      }
    }
  }
}