{
  "format_version":"1.8.0",
  "minecraft:client_entity": {
    "description": {
      "identifier": "vwings:large_wings",
      "materials": {
        "default": "large_wings"
      },
      "textures": {
        "locked": "textures/entity/large_wings/large_wings",
        "white": "textures/entity/large_wings/large_wings_white",
        "orange": "textures/entity/large_wings/large_wings_orange",
        "magenta": "textures/entity/large_wings/large_wings_magenta",
        "light_blue": "textures/entity/large_wings/large_wings_light_blue",
        "yellow": "textures/entity/large_wings/large_wings_yellow",
        "lime": "textures/entity/large_wings/large_wings_lime",
        "pink": "textures/entity/large_wings/large_wings_pink",
        "gray": "textures/entity/large_wings/large_wings_gray",
        "silver": "textures/entity/large_wings/large_wings_silver",
        "cyan": "textures/entity/large_wings/large_wings_cyan",
        "purple": "textures/entity/large_wings/large_wings_purple",
        "blue": "textures/entity/large_wings/large_wings_blue",
        "brown": "textures/entity/large_wings/large_wings_brown",
        "green": "textures/entity/large_wings/large_wings_green",
        "red": "textures/entity/large_wings/large_wings_red",
        "black": "textures/entity/large_wings/large_wings_black"
      },
      "geometry": {
        "default": "geometry.large_wings"
      },
      "render_controllers": [ "controller.render.large_wings" ],
      "locators": {
        "lead": { "head": [ -3.0, 0.0, -3.0 ] }
      },
      "spawn_egg": {
        "texture": "vwings_spawn_egg",
        "texture_index": 3
      }
    }
  }
}