{
  "format_version": "1.8.0",
  "minecraft:entity": {
    "description": {
      "identifier": "vwings:demon_wings",
      "runtime_identifier": "minecraft:chalkboard",
      "is_spawnable": true,
      "is_summonable": true,
      "is_experimental": false
    },
    "component_groups": {
      "vwings:demon_wings_locked": {
        "minecraft:variant": {
          "value": 0
        },
        "minecraft:loot": {
          "table": "loot_tables/entities/vwings.json"
        },
        "minecraft:type_family": {
          "family": [ "crown_off" ]
        },
        "minecraft:scale": {
          "value": 0.5
        },
        "minecraft:health": {
          "value": 1
        },
        "minecraft:collision_box": {
          "width": 0.2,
          "height": 0.2
        },
        "minecraft:interact": [
          {
            "interact_text": "action.interact.unlock_demon_wings",
            "on_interact": {
              "filters": {
                "all_of": [
                  { "test": "has_equipment", "subject": "other", "domain": "hand", "value": "feather"}
                ]
              },
              "event": "vwings:unlock_demon_wings"
            },
            "use_item": false
          }
        ]
      },
      "vwings:demon_wings_unlocked": {
        "minecraft:variant": {
          "value": 1
        },
        "minecraft:is_tamed": {
        },
        "minecraft:type_family": {
          "family": [ "crown_on" ]
        },
        "minecraft:scale": {
          "value": 1.0
        },
        "minecraft:health": {
          "value": 1
        },
        "minecraft:collision_box": {
          "width": 0.2,
          "height": 0.2
        },
        "minecraft:interact": [
          {
            "interact_text": "action.interact.lock_demon_wings",
            "on_interact": {
              "filters": {
                "all_of": [
                  { "test": "has_equipment", "subject": "other", "domain": "hand", "value": "=="}
                ]
              },
              "event": "vwings:lock_demon_wings"
            },
            "use_item": false
          }
        ],
        "minecraft:behavior.find_mount": {
          "priority": 3,
          "within_radius": 16,
          "avoid_water": true,
          "start_delay": 0,
          "target_needed": false,
          "mount_distance": 1.0
        }
      }
    },
    "components": {
      "minecraft:nameable": {
      },
      "minecraft:physics": {
        "has_gravity": true,
        "has_collision": true
      },
      "minecraft:fall_damage": {
        "value": 0.0
      }
    },
    "events": {
      "minecraft:entity_spawned": {
        "randomize": [
          {
            "weight": 6,
            "remove": {
            },
            "add": {
              "component_groups": [
                "vwings:demon_wings_locked"
              ]
            }
          }
        ]
      },
      "vwings:unlock_demon_wings": {
        "remove": {
          "component_groups": [
            "vwings:demon_wings_locked"
          ]
        },
        "add": {
          "component_groups": [
            "vwings:demon_wings_unlocked"
          ]
        }
      },
      "vwings:lock_demon_wings": {
        "remove": {
          "component_groups": [
            "vwings:demon_wings_unlocked"
          ]
        },
        "add": {
          "component_groups": [
            "vwings:demon_wings_locked"
          ]
        }
      }
    }
  }
}