{
  "format_version": "1.8.0",
  "minecraft:entity": {
    "description": {
      "identifier": "vwings:large_wings",
      "runtime_identifier": "minecraft:chalkboard",
      "is_spawnable": true,
      "is_summonable": true,
      "is_experimental": false
    },
    "component_groups": {
      "vwings:large_wings_purple": {
        "minecraft:variant": {
          "value": 5
        }
      },
      "vwings:large_wings_black": {
        "minecraft:variant": {
          "value": 0
        }
      },
      "vwings:large_wings_blue": {
        "minecraft:variant": {
          "value": 4
        }
      },
      "vwings:large_wings_brown": {
        "minecraft:variant": {
          "value": 3
        }
      },
      "vwings:large_wings_cyan": {
        "minecraft:variant": {
          "value": 6
        }
      },
      "vwings:large_wings_gray": {
        "minecraft:variant": {
          "value": 8
        }
      },
      "vwings:large_wings_green": {
        "minecraft:variant": {
          "value": 2
        }
      },
      "vwings:large_wings_light_blue": {
        "minecraft:variant": {
          "value": 12
        }
      },
      "vwings:large_wings_lime": {
        "minecraft:variant": {
          "value": 10
        }
      },
      "vwings:large_wings_magenta": {
        "minecraft:variant": {
          "value": 13
        }
      },
      "vwings:large_wings_orange": {
        "minecraft:variant": {
          "value": 14
        }
      },
      "vwings:large_wings_pink": {
        "minecraft:variant": {
          "value": 9
        }
      },
      "vwings:large_wings_red": {
        "minecraft:variant": {
          "value": 1
        }
      },
      "vwings:large_wings_silver": {
        "minecraft:variant": {
          "value": 7
        }
      },
      "vwings:large_wings_white": {
        "minecraft:variant": {
          "value": 15
        }
      },
      "vwings:large_wings_yellow": {
        "minecraft:variant": {
          "value": 11
        }
      },
      "vwings:large_wings_undyed": {
        "minecraft:variant": {
          "value": 16
        }
      },
      "vwings:large_wings_locked": {
        "minecraft:loot": {
          "table": "loot_tables/entities/vwings.json"
        },
        "minecraft:type_family": {
          "family": [ "crown_off" ]
        },
        "minecraft:scale": {
          "value": 0.8
        },
        "minecraft:health": {
          "value": 1
        },
        "minecraft:collision_box": {
          "width": 0.2,
          "height": 0.2
        },
        "minecraft:interact": [
          {
            "interact_text": "action.interact.unlock_large_wings",
            "on_interact": {
              "filters": {
                "all_of": [
                  { "test": "has_equipment", "subject": "other", "domain": "hand", "value": "feather"}
                ]
              },
              "event": "vwings:unlock_large_wings"
            },
            "use_item": false
          },
          {
            "interact_text": "action.interact.black_large_wings",
            "on_interact": {
              "filters": {
                "all_of": [
                  { "test": "has_equipment", "subject": "other", "domain": "hand", "value": "dye:0"}
                ]
              },
              "event": "vwings:turn_black"
            },
            "use_item": true
          },
          {
            "interact_text": "action.interact.gray_large_wings",
            "on_interact": {
              "filters": {
                "all_of": [
                  { "test": "has_equipment", "subject": "other", "domain": "hand", "value": "dye:8"}
                ]
              },
              "event": "vwings:turn_gray"
            },
            "use_item": true
          },
          {
            "interact_text": "action.interact.silver_large_wings",
            "on_interact": {
              "filters": {
                "all_of": [
                  { "test": "has_equipment", "subject": "other", "domain": "hand", "value": "dye:7"}
                ]
              },
              "event": "vwings:turn_silver"
            },
            "use_item": true
          },
          {
            "interact_text": "action.interact.white_large_wings",
            "on_interact": {
              "filters": {
                "all_of": [
                  { "test": "has_equipment", "subject": "other", "domain": "hand", "value": "dye:15"}
                ]
              },
              "event": "vwings:turn_white"
            },
            "use_item": true
          },
          {
            "interact_text": "action.interact.light_blue_large_wings",
            "on_interact": {
              "filters": {
                "all_of": [
                  { "test": "has_equipment", "subject": "other", "domain": "hand", "value": "dye:12"}
                ]
              },
              "event": "vwings:turn_light_blue"
            },
            "use_item": true
          },
          {
            "interact_text": "action.interact.orange_large_wings",
            "on_interact": {
              "filters": {
                "all_of": [
                  { "test": "has_equipment", "subject": "other", "domain": "hand", "value": "dye:14"}
                ]
              },
              "event": "vwings:turn_orange"
            },
            "use_item": true
          },
          {
            "interact_text": "action.interact.red_large_wings",
            "on_interact": {
              "filters": {
                "all_of": [
                  { "test": "has_equipment", "subject": "other", "domain": "hand", "value": "dye:1"}
                ]
              },
              "event": "vwings:turn_red"
            },
            "use_item": true
          },
          {
            "interact_text": "action.interact.blue_large_wings",
            "on_interact": {
              "filters": {
                "all_of": [
                  { "test": "has_equipment", "subject": "other", "domain": "hand", "value": "dye:4"}
                ]
              },
              "event": "vwings:turn_blue"
            },
            "use_item": true
          },
          {
            "interact_text": "action.interact.purple_large_wings",
            "on_interact": {
              "filters": {
                "all_of": [
                  { "test": "has_equipment", "subject": "other", "domain": "hand", "value": "dye:5"}
                ]
              },
              "event": "vwings:turn_purple"
            },
            "use_item": true
          },
          {
            "interact_text": "action.interact.magenta_large_wings",
            "on_interact": {
              "filters": {
                "all_of": [
                  { "test": "has_equipment", "subject": "other", "domain": "hand", "value": "dye:13"}
                ]
              },
              "event": "vwings:turn_magenta"
            },
            "use_item": true
          },
          {
            "interact_text": "action.interact.pink_large_wings",
            "on_interact": {
              "filters": {
                "all_of": [
                  { "test": "has_equipment", "subject": "other", "domain": "hand", "value": "dye:9"}
                ]
              },
              "event": "vwings:turn_pink"
            },
            "use_item": true
          },
          {
            "interact_text": "action.interact.brown_large_wings",
            "on_interact": {
              "filters": {
                "all_of": [
                  { "test": "has_equipment", "subject": "other", "domain": "hand", "value": "dye:3"}
                ]
              },
              "event": "vwings:turn_brown"
            },
            "use_item": true
          },
          {
            "interact_text": "action.interact.yellow_large_wings",
            "on_interact": {
              "filters": {
                "all_of": [
                  { "test": "has_equipment", "subject": "other", "domain": "hand", "value": "dye:11"}
                ]
              },
              "event": "vwings:turn_yellow"
            },
            "use_item": true
          },
          {
            "interact_text": "action.interact.lime_large_wings",
            "on_interact": {
              "filters": {
                "all_of": [
                  { "test": "has_equipment", "subject": "other", "domain": "hand", "value": "dye:10"}
                ]
              },
              "event": "vwings:turn_lime"
            },
            "use_item": true
          },
          {
            "interact_text": "action.interact.green_large_wings",
            "on_interact": {
              "filters": {
                "all_of": [
                  { "test": "has_equipment", "subject": "other", "domain": "hand", "value": "dye:2"}
                ]
              },
              "event": "vwings:turn_green"
            },
            "use_item": true
          },
          {
            "interact_text": "action.interact.cyan_large_wings",
            "on_interact": {
              "filters": {
                "all_of": [
                  { "test": "has_equipment", "subject": "other", "domain": "hand", "value": "dye:6"}
                ]
              },
              "event": "vwings:turn_cyan"
            },
            "use_item": true
          },
          {
            "interact_text": "action.interact.clean_wings",
            "on_interact": {
              "filters": {
                "all_of": [
                  { "test": "has_equipment", "subject": "other", "domain": "hand", "value": "paper"}
                ]
              },
              "event": "vwings:clean_wings"
            },
            "use_item": true
          }
        ]
      },
      "vwings:large_wings_unlocked": {
        "minecraft:is_tamed": {
        },
        "minecraft:type_family": {
          "family": [ "crown_on" ]
        },
        "minecraft:scale": {
          "value": 1.7
        },
        "minecraft:health": {
          "value": 1
        },
        "minecraft:collision_box": {
          "width": 0.2,
          "height": 0.2
        },
        "minecraft:interact": [
          {
            "interact_text": "action.interact.lock_large_wings",
            "on_interact": {
              "filters": {
                "all_of": [
                  { "test": "has_equipment", "subject": "other", "domain": "hand", "value": "=="}
                ]
              },
              "event": "vwings:lock_large_wings"
            },
            "use_item": false
          }
        ],
        "minecraft:behavior.find_mount": {
          "priority": 3,
          "within_radius": 16,
          "avoid_water": true,
          "start_delay": 0,
          "target_needed": false,
          "mount_distance": 1.0
        }
      }
    },
    "components": {
      "minecraft:nameable": {
      },
      "minecraft:physics": {
        "has_gravity": true,
        "has_collision": true
      },
      "minecraft:fall_damage": {
        "value": 0.0
      }
    },
    "events": {
      "minecraft:entity_spawned": {
        "randomize": [
          {
            "weight": 6,
            "remove": {},
            "add": {
              "component_groups": [
                "vwings:large_wings_locked",
                "vwings:large_wings_undyed"
              ]
            }
          }
        ]
      },
      "vwings:unlock_large_wings": {
        "remove": {
          "component_groups": [
            "vwings:large_wings_locked"
          ]
        },
        "add": {
          "component_groups": [
            "vwings:large_wings_unlocked"
          ]
        }
      },
      "vwings:lock_large_wings": {
        "remove": {
          "component_groups": [
            "vwings:large_wings_unlocked"
          ]
        },
        "add": {
          "component_groups": [
            "vwings:large_wings_locked"
          ]
        }
      },
      "vwings:turn_purple": {
        "add": {
          "component_groups": [
            "vwings:large_wings_purple"
          ]
        }
      },
      "vwings:turn_black": {
        "add": {
          "component_groups": [
            "vwings:large_wings_black"
          ]
        }
      },
      "vwings:turn_blue": {
        "add": {
          "component_groups": [
            "vwings:large_wings_blue"
          ]
        }
      },
      "vwings:turn_brown": {
        "add": {
          "component_groups": [
            "vwings:large_wings_brown"
          ]
        }
      },
      "vwings:turn_cyan": {
        "add": {
          "component_groups": [
            "vwings:large_wings_cyan"
          ]
        }
      },
      "vwings:turn_gray": {
        "add": {
          "component_groups": [
            "vwings:large_wings_gray"
          ]
        }
      },
      "vwings:turn_green": {
        "add": {
          "component_groups": [
            "vwings:large_wings_green"
          ]
        }
      },
      "vwings:turn_light_blue": {
        "add": {
          "component_groups": [
            "vwings:large_wings_light_blue"
          ]
        }
      },
      "vwings:turn_lime": {
        "add": {
          "component_groups": [
            "vwings:large_wings_lime"
          ]
        }
      },
      "vwings:turn_magenta": {
        "add": {
          "component_groups": [
            "vwings:large_wings_magenta"
          ]
        }
      },
      "vwings:turn_orange": {
        "add": {
          "component_groups": [
            "vwings:large_wings_orange"
          ]
        }
      },
      "vwings:turn_pink": {
        "add": {
          "component_groups": [
            "vwings:large_wings_pink"
          ]
        }
      },
      "vwings:turn_red": {
        "add": {
          "component_groups": [
            "vwings:large_wings_red"
          ]
        }
      },
      "vwings:turn_silver": {
        "add": {
          "component_groups": [
            "vwings:large_wings_silver"
          ]
        }
      },
      "vwings:turn_white": {
        "add": {
          "component_groups": [
            "vwings:large_wings_white"
          ]
        }
      },
      "vwings:turn_yellow": {
        "add": {
          "component_groups": [
            "vwings:large_wings_yellow"
          ]
        }
      },
      "vwings:clean_wings": {
        "add": {
          "component_groups": [
            "vwings:large_wings_undyed"
          ]
        }
      }
    }
  }
}