{
  "format_version": "1.8.0",
  "minecraft:entity": {
    "description": {
      "identifier": "minecraft:player",
      "is_spawnable": false,
      "is_summonable": false,
      "is_experimental": false
    },
    
    "component_groups": {
      "minecraft:navigation.is_rideable": {
        "minecraft:rideable": {
          "seat_count": 1,
          "family_types": [
            "crown_on"
          ],
          "pull_in_entities": true,
          "seats": [
            {
              "position": [ 0, -0.5, -0.15 ],
              "min_rider_count": 1,
              "max_rider_count": 1,
              "lock_rider_rotation": 0
            }
          ]
        }
      }
    },

    "components": {
      "minecraft:type_family": {
        "family": [ "player" ]
      },
      "minecraft:loot": {
        "table": "loot_tables/empty.json"
      },
      "minecraft:collision_box": {
        "width": 0.6,
        "height": 1.8
      },
      "minecraft:can_climb": {
      },
      "minecraft:movement": {
        "value": 0.1
      },
      "minecraft:attack": {
        "damage": 1
      },
      "minecraft:player.saturation": {
        "value": 20
      },
      "minecraft:player.exhaustion": {
        "value": 0,
        "max": 4
      },
      "minecraft:player.level": {
        "value": 0,
        "max": 24791
      },
      "minecraft:player.experience": {
        "value": 0,
        "max": 1
      },
      "minecraft:breathable": {
        "totalSupply": 15,
        "suffocateTime": -1,
        "inhaleTime": 3.75,
        "generatesBubbles": false
      },
      "minecraft:nameable": {
        "alwaysShow": true,
        "allowNameTagRenaming": false
      },
      "minecraft:environment_sensor": [
        {
          "on_environment": {
            "filters": {
              "all_of": [
                {
                  "test": "is_sneaking",
                  "subject": "self",
                  "operator": "!=",
                  "value": true
                }
              ]
            },
            "event": "capeable"
          }
        },
        {
          "on_environment": {
            "filters": {
              "all_of": [
                {
                  "test": "is_sneaking",
                  "subject": "self",
                  "operator": "!=",
                  "value": false
                },
                {
                  "test": "on_ground",
                  "subject": "self",
                  "operator": "!=",
                  "value": false
                }
              ]
            },
            "event": "capeless"
          }
        }
      ],
      "minecraft:physics": {
      },
      "minecraft:insomnia":{
        "days_until_insomnia": 3
      },
      "minecraft:scaffolding_climber": { }
    },
    
    "events": {
      "capeable": {
        "remove": {
        },
        "add": {
          "component_groups": [
            "minecraft:navigation.is_rideable"
          ]
        }
      },
      "capeless": {
        "remove": {
          "component_groups": [
            "minecraft:navigation.is_rideable"
          ]
        },
        "add": {
        }
      }
    }
  }
}