{
	"format_version": "1.12.0",
	"minecraft:geometry": [
		{
			"description": {
				"identifier": "geometry.angler_fish",
				"texture_width": 512,
				"texture_height": 512,
				"visible_bounds_width": 10,
				"visible_bounds_height": 6,
				"visible_bounds_offset": [0, 3, 0]
			},
			"bones": [
				{
					"name": "AnglerFish",
					"pivot": [0, -59, 0]
				},
				{
					"name": "Body",
					"parent": "AnglerFish",
					"pivot": [0, 21, 0]
				},
				{
					"name": "Torso",
					"parent": "Body",
					"pivot": [0, 21, 0],
					"cubes": [
						{"origin": [-12, 7, -12], "size": [25, 33, 24], "uv": [104, 151]},
						{"origin": [-14, 4, -26], "size": [29, 39, 24], "uv": [150, 81]},
						{"origin": [-1.5, 46.3041, -7.93856], "size": [4, 16, 3], "pivot": [0, 21, 0], "rotation": [-5, 0, 0], "uv": [232, 81]},
						{"origin": [-8.5, 37.00168, -9.05468], "size": [18, 6.3, 21], "pivot": [0, 21, 0], "rotation": [-25, 0, 0], "uv": [234, 0]},
						{"origin": [-8.5, 41.25495, -25.27021], "size": [18, 2, 20], "pivot": [0, 21, 0], "rotation": [-15, 0, 0], "uv": [232, 81]},
						{"origin": [-1.5, 42.33042, 7.51185], "size": [4, 13, 3], "uv": [123, 262]},
						{"origin": [-1.5, 36.88107, -9.73872], "size": [4, 8, 27], "pivot": [0, 21, 0], "rotation": [-25, 0, 0], "uv": [251, 251]}
					]
				},
				{
					"name": "torso_light",
					"parent": "Torso",
					"pivot": [1, 20.26317, 0.43746],
					"cubes": [
						{"origin": [-1.5, 54.33042, 7.51185], "size": [4, 3, 3], "inflate": -0.5, "uv": [66, 15]},
						{"origin": [-1, 61.76317, -8], "size": [3, 3, 3], "inflate": -0.5, "pivot": [1, 20.26317, 0.43746], "rotation": [-5, 0, 0], "uv": [102, 54]}
					]
				},
				{
					"name": "Tail",
					"parent": "Body",
					"pivot": [0, 28.47947, -2.27566],
					"cubes": [
						{"origin": [-8, 12.0967, 15.43619], "size": [16, 23, 14], "pivot": [0, 23.5967, 22.43619], "rotation": [25, 0, 0], "uv": [0, 0]},
						{"origin": [0.4, -12.23514, -0.05306], "size": [0.1, 76, 72], "uv": [0, 0]},
						{"origin": [-10, 9.08701, 11.26336], "size": [21, 28, 12], "uv": [212, 218]},
						{"origin": [-1, 21.25541, 18], "size": [3, 3, 51], "pivot": [0.5, 22.75541, 30], "rotation": [-50, 0, 0], "uv": [66, 0]},
						{"origin": [-1, 21.25541, -10], "size": [3, 3, 78], "pivot": [0.5, 22.75541, 30], "rotation": [50, 0, 0], "uv": [150, 0]},
						{"origin": [-1, 21.25541, 11], "size": [3, 3, 60], "uv": [0, 0]},
						{"origin": [-1, -11.74459, 28.19259], "size": [3, 74, 3], "uv": [224, 258]},
						{"origin": [-3, 35.25541, 30.19259], "size": [7, 9, 8], "uv": [296, 152]},
						{"origin": [-4, 26.71988, 28.06886], "size": [9, 10, 10], "pivot": [0.5, 31.71988, 33.06886], "rotation": [75, 0, 0], "uv": [291, 0]},
						{"origin": [-6, 22.17153, 21.18071], "size": [13, 11, 16], "pivot": [0.5, 27.67153, 29.18071], "rotation": [-50, 0, 0], "uv": [274, 202]}
					]
				},
				{
					"name": "tail_light",
					"parent": "Tail",
					"pivot": [0, -23, 0],
					"cubes": [
						{"origin": [-1, 20.48937, -12.14279], "size": [3, 3, 83], "inflate": -0.5, "pivot": [0.5, 21.98937, 29.35721], "rotation": [50, 0, 0], "uv": [61, 65]},
						{"origin": [-1, -9.38637, 54.2115], "size": [3, 3, 3], "inflate": -0.5, "pivot": [0.5, -7.88637, 55.7115], "rotation": [-50, 0, 0], "uv": [66, 54]},
						{"origin": [-1, -14.25, 28.19259], "size": [3, 79, 3], "inflate": -0.5, "uv": [212, 258]}
					]
				},
				{
					"name": "Head",
					"parent": "Body",
					"pivot": [0, 21, 0],
					"cubes": [
						{"origin": [-16, 18.33199, -25.33447], "size": [33, 24, 20], "pivot": [0, 21, 0], "rotation": [-15, 0, 0], "uv": [106, 218]},
						{"origin": [-16, 22.4072, -41.24532], "size": [33, 24, 20], "pivot": [0, 21, 0], "rotation": [-5, 0, 0], "uv": [0, 218]},
						{"origin": [-15, 34.21654, -46.26405], "size": [32, 21, 13], "pivot": [0, 21, 0], "rotation": [10, 0, 0], "uv": [123, 0]},
						{"origin": [-8.5, 55.28469, -45.78169], "size": [18, 2, 12], "pivot": [0, 21, 0], "rotation": [10, 0, 0], "uv": [264, 183]},
						{"origin": [-1.5, 55.21654, -46.26405], "size": [4, 4, 13], "pivot": [0, 21, 0], "rotation": [10, 0, 0], "uv": [78, 291]},
						{"origin": [-1.5, 45.30497, -42.02178], "size": [4, 4, 21], "pivot": [0, 21, 0], "rotation": [-5, 0, 0], "uv": [94, 262]},
						{"origin": [-8.5, 45.30497, -42.02177], "size": [18, 2, 21], "pivot": [0, 21, 0], "rotation": [-5, 0, 0], "uv": [150, 54]},
						{"origin": [-1.5, 41.22456, -25.61751], "size": [4, 4, 20], "pivot": [0, 21, 0], "rotation": [-15, 0, 0], "uv": [128, 294]},
						{"origin": [-1.5, 74.84113, -27.97719], "size": [4, 4, 12], "pivot": [0, 21, 0], "rotation": [45, 0, 0], "uv": [278, 229]},
						{"origin": [-8.5, 73.98197, -28.69012], "size": [18, 3, 12], "pivot": [0, 21, 0], "rotation": [45, 0, 0], "uv": [244, 134]},
						{"origin": [-14, 46.7889, -47.23254], "size": [29, 18, 11], "pivot": [0, 21, 0], "rotation": [25, 0, 0], "uv": [202, 151]},
						{"origin": [-12, 48.7889, -49.23254], "size": [25, 15, 11], "pivot": [0, 21, 0], "rotation": [25, 0, 0], "uv": [234, 27]},
						{"origin": [-1.5, 46.3294, -45.07065], "size": [4, 16, 3], "pivot": [0, 21, 0], "rotation": [-5, 0, 0], "uv": [192, 218]},
						{"origin": [-1.5, 61.3294, -45.07065], "size": [4, 3, 3], "inflate": -0.5, "pivot": [0, 21, 0], "rotation": [-5, 0, 0], "uv": [28, 54]},
						{"origin": [-1, 76.44085, -31.776], "size": [3, 7, 3], "inflate": -0.75, "pivot": [0, 21, 0], "rotation": [10, 0, 0], "uv": [260, 315]},
						{"origin": [-1, 64.96004, -41.08486], "size": [3, 7, 3], "inflate": -0.75, "uv": [248, 315]},
						{"origin": [-1.5, 48.07251, -33.18481], "size": [4, 16, 3], "pivot": [0, 21, 0], "rotation": [-5, 0, 0], "uv": [213, 12]},
						{"origin": [-1.5, 63.3294, -33.07065], "size": [4, 3, 3], "inflate": -0.5, "pivot": [0, 21, 0], "rotation": [-5, 0, 0], "uv": [14, 54]},
						{"origin": [-1, 64.96004, -29.08486], "size": [3, 7, 3], "inflate": -0.75, "uv": [236, 315]},
						{"origin": [-1, 74.35707, -19.9583], "size": [3, 7, 3], "inflate": -0.75, "pivot": [0, 21, 0], "rotation": [10, 0, 0], "uv": [314, 85]},
						{"origin": [0.4, 38.76486, -52.05306], "size": [0.1, 27, 52], "uv": [0, 99]},
						{"origin": [-1.5, 47.07251, -21.14676], "size": [4, 19, 3], "pivot": [0, 21, 0], "rotation": [-5, 0, 0], "uv": [46, 37]},
						{"origin": [-1.5, 65.3294, -21.07065], "size": [4, 3, 3], "inflate": -0.5, "pivot": [0, 21, 0], "rotation": [-5, 0, 0], "uv": [0, 54]},
						{"origin": [-1, 70.27329, -8.14061], "size": [3, 7, 3], "inflate": -0.75, "pivot": [0, 21, 0], "rotation": [10, 0, 0], "uv": [312, 183]}
					]
				},
				{
					"name": "Jaw",
					"parent": "Head",
					"pivot": [0.4375, 15.45843, -5.74731],
					"rotation": [-10, 0, 0],
					"cubes": [
						{"origin": [-15, 7.18653, -31.37886], "size": [31, 10, 26], "pivot": [0.4375, 15.45843, -5.74731], "rotation": [25, 0, 0], "uv": [176, 182]},
						{"origin": [-15, -2.87081, -51.48153], "size": [31, 10, 26], "uv": [0, 182]},
						{"origin": [14, 5.12919, -51.48153], "size": [3, 3, 26], "uv": [152, 265]},
						{"origin": [-16, 5.12919, -51.48153], "size": [3, 3, 26], "uv": [264, 154]},
						{"origin": [-16, -13.51223, -44.09912], "size": [33, 3, 2], "pivot": [0.4375, 15.45843, -5.74731], "rotation": [-25, 0, 0], "uv": [0, 63]},
						{"origin": [14, 14.437, -27.99791], "size": [3, 5, 24], "pivot": [0.4375, 15.45843, -5.74731], "rotation": [25, 0, 0], "uv": [236, 286]},
						{"origin": [-16, 14.437, -27.99791], "size": [3, 5, 24], "pivot": [0.4375, 15.45843, -5.74731], "rotation": [25, 0, 0], "uv": [282, 29]}
					]
				},
				{
					"name": "JawTeeth",
					"parent": "Jaw",
					"pivot": [0, 21, 0],
					"cubes": [
						{"origin": [-11.29426, 27.85224, -53.41566], "size": [3, 6, 3], "pivot": [0, 21, 0], "rotation": [25, -25, 0], "uv": [164, 279]},
						{"origin": [8.29426, 27.85223, -53.41566], "size": [3, 6, 3], "pivot": [0, 21, 0], "rotation": [25, 25, 0], "uv": [152, 279]},
						{"origin": [-11.29425, 31.85223, -53.41566], "size": [3, 7, 3], "inflate": -0.25, "pivot": [0, 21, 0], "rotation": [25, -25, 0], "uv": [312, 40]},
						{"origin": [9.13963, 47.35071, -46.08131], "size": [3, 7, 3], "inflate": -0.25, "pivot": [0, 21, 0], "rotation": [50, 0, 0], "uv": [312, 30]},
						{"origin": [-11.86037, 47.35071, -46.08131], "size": [3, 7, 3], "inflate": -0.25, "pivot": [0, 21, 0], "rotation": [50, 0, 0], "uv": [312, 20]},
						{"origin": [-11.86037, 40.61519, -52.70677], "size": [3, 6, 3], "inflate": -0.5, "pivot": [0, 21, 0], "rotation": [35, 0, 0], "uv": [138, 54]},
						{"origin": [-7.86037, 37.61519, -51.70677], "size": [3, 8, 3], "inflate": -0.5, "pivot": [0, 21, 0], "rotation": [35, 0, 0], "uv": [47, 293]},
						{"origin": [5.13963, 37.61519, -51.70677], "size": [3, 8, 3], "inflate": -0.5, "pivot": [0, 21, 0], "rotation": [35, 0, 0], "uv": [200, 151]},
						{"origin": [9.13963, 40.61519, -52.70677], "size": [3, 6, 3], "inflate": -0.5, "pivot": [0, 21, 0], "rotation": [35, 0, 0], "uv": [106, 63]},
						{"origin": [-11.86037, 44.61519, -52.70677], "size": [3, 9, 3], "inflate": -1, "pivot": [0, 21, 0], "rotation": [35, 0, 0], "uv": [78, 291]},
						{"origin": [-7.86037, 42.61519, -51.70677], "size": [3, 9, 3], "inflate": -1, "pivot": [0, 21, 0], "rotation": [35, 0, 0], "uv": [278, 229]},
						{"origin": [5.13963, 42.61519, -51.70677], "size": [3, 9, 3], "inflate": -1, "pivot": [0, 21, 0], "rotation": [35, 0, 0], "uv": [264, 183]},
						{"origin": [2.13963, 37.61519, -51.70677], "size": [3, 9, 3], "inflate": -1, "pivot": [0, 21, 0], "rotation": [35, 0, 0], "uv": [123, 0]},
						{"origin": [-4.86037, 37.61519, -51.70677], "size": [3, 9, 3], "inflate": -1, "pivot": [0, 21, 0], "rotation": [35, 0, 0], "uv": [46, 0]},
						{"origin": [-0.86037, 37.61519, -51.70677], "size": [3, 13, 3], "inflate": -1, "pivot": [0, 21, 0], "rotation": [35, 0, 0], "uv": [0, 293]},
						{"origin": [9.13963, 44.61519, -52.70677], "size": [3, 9, 3], "inflate": -1, "pivot": [0, 21, 0], "rotation": [35, 0, 0], "uv": [0, 0]},
						{"origin": [8.29426, 31.85223, -53.41566], "size": [3, 7, 3], "inflate": -0.25, "pivot": [0, 21, 0], "rotation": [25, 25, 0], "uv": [108, 312]},
						{"origin": [-11.29425, 35.85223, -53.41566], "size": [3, 7, 3], "inflate": -0.5, "pivot": [0, 21, 0], "rotation": [25, -25, 0], "uv": [96, 312]},
						{"origin": [8.29426, 35.85224, -53.41566], "size": [3, 7, 3], "inflate": -0.5, "pivot": [0, 21, 0], "rotation": [25, 25, 0], "uv": [84, 312]},
						{"origin": [-11.29426, 31.33914, -56.31953], "size": [3, 7, 3], "inflate": -1, "pivot": [0, 21, 0], "rotation": [15, -25, 0], "uv": [72, 312]},
						{"origin": [17.55976, 12.85355, -45.48153], "size": [3, 14, 3], "inflate": -1, "pivot": [0, 21, 0], "rotation": [0, 0, 30], "uv": [248, 286]},
						{"origin": [-18.55976, 10.85355, -45.48153], "size": [3, 14, 3], "inflate": -1, "pivot": [0, 21, 0], "rotation": [0, 0, -30], "uv": [236, 276]},
						{"origin": [17.55976, 12.85355, -41.48153], "size": [3, 13, 3], "inflate": -1, "pivot": [0, 21, 0], "rotation": [0, 0, 30], "uv": [130, 291]},
						{"origin": [-18.55976, 10.85355, -41.48153], "size": [3, 13, 3], "inflate": -1, "pivot": [0, 21, 0], "rotation": [0, 0, -30], "uv": [286, 256]},
						{"origin": [17.55976, 12.85355, -37.48153], "size": [3, 12, 3], "inflate": -1, "pivot": [0, 21, 0], "rotation": [0, 0, 30], "uv": [298, 256]},
						{"origin": [-18.55976, 10.85355, -37.48153], "size": [3, 12, 3], "inflate": -1, "pivot": [0, 21, 0], "rotation": [0, 0, -30], "uv": [296, 296]},
						{"origin": [8.29426, 31.33914, -56.31953], "size": [3, 7, 3], "inflate": -1, "pivot": [0, 21, 0], "rotation": [15, 25, 0], "uv": [60, 312]}
					]
				},
				{
					"name": "Teeth",
					"parent": "Head",
					"pivot": [0, 21, 0],
					"cubes": [
						{"origin": [13.78916, 17.69615, -35.59462], "size": [5, 8, 5], "inflate": -1, "pivot": [0, 21, 0], "rotation": [0, 0, -15], "uv": [0, 218]},
						{"origin": [13.78916, 17.69615, -48.59462], "size": [6, 8, 5], "inflate": -1, "pivot": [0, 21, 0], "rotation": [0, 0, -15], "uv": [178, 151]},
						{"origin": [-17.78916, 17.69615, -48.59462], "size": [6, 8, 5], "inflate": -1, "pivot": [0, 21, 0], "rotation": [0, 0, 15], "uv": [121, 58]},
						{"origin": [-17.78916, 17.69614, -35.59462], "size": [5, 8, 5], "inflate": -1, "pivot": [0, 21, 0], "rotation": [0, 0, 15], "uv": [207, 56]},
						{"origin": [14.07087, 15.79313, -35.59462], "size": [5, 7, 5], "inflate": -1.5, "pivot": [0, 21, 0], "rotation": [0, 0, -10], "uv": [0, 262]},
						{"origin": [14.07087, 15.79313, -48.59462], "size": [6, 7, 5], "inflate": -1.5, "pivot": [0, 21, 0], "rotation": [0, 0, -10], "uv": [200, 0]},
						{"origin": [-18.07087, 15.79313, -48.59462], "size": [6, 7, 5], "inflate": -1.5, "pivot": [0, 21, 0], "rotation": [0, 0, 10], "uv": [0, 190]},
						{"origin": [-18.07087, 15.79313, -35.59462], "size": [5, 7, 5], "inflate": -1.5, "pivot": [0, 21, 0], "rotation": [0, 0, 10], "uv": [256, 103]},
						{"origin": [13.85238, 16.77471, -35.59462], "size": [5, 10, 5], "inflate": -2, "pivot": [0, 21, 0], "rotation": [0, 0, 10], "uv": [150, 54]},
						{"origin": [13.85238, 16.77471, -48.59462], "size": [6, 10, 5], "inflate": -2, "pivot": [0, 21, 0], "rotation": [0, 0, 10], "uv": [150, 81]},
						{"origin": [-17.85238, 16.77471, -48.59462], "size": [6, 10, 5], "inflate": -2, "pivot": [0, 21, 0], "rotation": [0, 0, -10], "uv": [93, 0]},
						{"origin": [-17.85239, 16.77471, -35.59462], "size": [5, 10, 5], "inflate": -2, "pivot": [0, 21, 0], "rotation": [0, 0, -10], "uv": [66, 0]},
						{"origin": [16.05201, 13.36836, -39.48153], "size": [3, 12, 3], "inflate": -1, "pivot": [0, 21, 0], "rotation": [0, 0, -30], "uv": [176, 311]},
						{"origin": [16.05201, 11.36836, -43.48153], "size": [3, 14, 3], "inflate": -1, "pivot": [0, 21, 0], "rotation": [0, 0, -30], "uv": [164, 262]},
						{"origin": [3.13963, 28.78422, -54.11732], "size": [3, 8, 3], "inflate": -1, "pivot": [0.4375, 15.45843, -5.74731], "rotation": [10, 0, 0], "uv": [296, 169]},
						{"origin": [1.13963, 28.78422, -54.11732], "size": [3, 8, 3], "inflate": -1, "pivot": [0.4375, 15.45843, -5.74731], "rotation": [10, 0, 0], "uv": [48, 312]},
						{"origin": [-3.86037, 28.78422, -54.11732], "size": [3, 8, 3], "inflate": -1, "pivot": [0.4375, 15.45843, -5.74731], "rotation": [10, 0, 0], "uv": [308, 169]},
						{"origin": [-6.86037, 28.78422, -54.11732], "size": [3, 8, 3], "inflate": -1, "pivot": [0.4375, 15.45843, -5.74731], "rotation": [10, 0, 0], "uv": [298, 229]},
						{"origin": [-9.86037, 27.78422, -54.11732], "size": [3, 9, 3], "inflate": -1, "pivot": [0.4375, 15.45843, -5.74731], "rotation": [10, 0, 0], "uv": [292, 134]},
						{"origin": [-17.05201, 13.36836, -43.48153], "size": [3, 14, 3], "inflate": -1, "pivot": [0, 21, 0], "rotation": [0, 0, 30], "uv": [152, 262]},
						{"origin": [-17.05201, 12.16836, -39.48153], "size": [3, 12, 3], "inflate": -1, "pivot": [0, 21, 0], "rotation": [0, 0, 30], "uv": [191, 309]},
						{"origin": [7.13963, 20.56213, -55.61314], "size": [3, 9, 3], "inflate": -1, "pivot": [8.63963, 25.06213, -54.11314], "rotation": [10, 0, 0], "uv": [99, 291]}
					]
				},
				{
					"name": "Antenna",
					"parent": "Head",
					"pivot": [0, 49, -51],
					"cubes": [
						{"origin": [-1.5, 59.30158, -50.24263], "size": [4, 6, 4], "inflate": -0.5, "pivot": [0, 49, -51], "rotation": [15, 0, 0], "uv": [271, 149]},
						{"origin": [-1.5, 63.32224, -47.5634], "size": [4, 6, 4], "inflate": -0.5, "pivot": [0, 49, -51], "rotation": [25, 0, 0], "uv": [264, 197]},
						{"origin": [-1.5, 65.7161, -60.18744], "size": [4, 4, 4], "inflate": -0.5, "pivot": [0, 49, -51], "rotation": [-10, 0, 0], "uv": [0, 274]},
						{"origin": [-1.5, 67.46819, -62.7492], "size": [4, 4, 11], "inflate": -0.5, "pivot": [0, 49, -51], "rotation": [10, 0, 0], "uv": [307, 123]},
						{"origin": [-1.5, 70.16407, -70.7507], "size": [4, 4, 20], "inflate": -0.75, "pivot": [0, 49, -51], "rotation": [35, 0, 0], "uv": [0, 293]},
						{"origin": [-1.5, 70.16407, -79.41108], "size": [4, 4, 11], "inflate": -1, "pivot": [0, 49, -51], "rotation": [35, 0, 0], "uv": [28, 293]},
						{"origin": [-1.5, 34.34334, -86.63223], "size": [4, 4, 4], "inflate": -1, "pivot": [0, 49, -51], "rotation": [-25, 0, 0], "uv": [88, 200]},
						{"origin": [-1.5, 53.79956, -87.30816], "size": [4, 8, 4], "inflate": -1, "pivot": [0, 49, -51], "rotation": [15, 0, 0], "uv": [206, 218]},
						{"origin": [-1.5, 49.51101, -52.36359], "size": [4, 12, 4], "inflate": -0.25, "pivot": [0, 49, -51], "rotation": [5, 0, 0], "uv": [234, 0]}
					]
				},
				{
					"name": "antenna_light",
					"parent": "Antenna",
					"pivot": [0, 49, -51],
					"cubes": [
						{"origin": [-2.5, 56.33601, -7.62886], "size": [6, 4, 4], "inflate": -0.25, "pivot": [0, 49, -51], "rotation": [-15, 0, 0], "uv": [150, 96]},
						{"origin": [-2.5, 56.33601, -13.62886], "size": [6, 4, 4], "inflate": -0.25, "pivot": [0, 49, -51], "rotation": [-15, 0, 0], "uv": [178, 164]},
						{"origin": [-2.5, 53.45387, -19.07044], "size": [6, 4, 4], "inflate": -0.25, "pivot": [0, 49, -51], "rotation": [-10, 0, 0], "uv": [114, 208]},
						{"origin": [-2.5, 50.5226, -25.50388], "size": [6, 4, 4], "inflate": -0.25, "pivot": [0, 49, -51], "rotation": [-5, 0, 0], "uv": [134, 208]},
						{"origin": [-2.5, 50.5226, -31.50388], "size": [6, 4, 4], "inflate": -0.25, "pivot": [0, 49, -51], "rotation": [-5, 0, 0], "uv": [86, 63]},
						{"origin": [-2.5, 50.5226, -37.50388], "size": [6, 4, 4], "inflate": -0.25, "pivot": [0, 49, -51], "rotation": [-5, 0, 0], "uv": [154, 208]},
						{"origin": [-1, 81.70355, -4.17982], "size": [3, 3, 3], "inflate": -0.5, "pivot": [0, 21, 0], "rotation": [25, 0, 0], "uv": [90, 54]},
						{"origin": [-1, 75.70355, 6.57018], "size": [3, 3, 3], "inflate": -0.5, "pivot": [0, 21, 0], "rotation": [25, 0, 0], "uv": [78, 54]},
						{"origin": [-2.5, 47.43077, -43.79854], "size": [6, 4, 4], "inflate": -0.25, "pivot": [0, 49, -51], "rotation": [10, 0, 0], "uv": [86, 43]},
						{"origin": [-1, 87.70355, -14.88297], "size": [3, 3, 3], "inflate": -0.5, "pivot": [0, 21, 0], "rotation": [25, 0, 0], "uv": [93, 15]},
						{"origin": [-2.5, 47.43077, -49.79854], "size": [6, 4, 4], "inflate": -0.25, "pivot": [0, 49, -51], "rotation": [10, 0, 0], "uv": [256, 115]},
						{"origin": [-2.5, 47.31957, -55.6054], "size": [6, 4, 4], "inflate": -0.25, "pivot": [0, 49, -51], "rotation": [45, 0, 0], "uv": [66, 43]},
						{"origin": [-2.5, 47.31957, -61.6054], "size": [6, 4, 4], "inflate": -0.25, "pivot": [0, 49, -51], "rotation": [45, 0, 0], "uv": [66, 64]},
						{"origin": [-3.5, 58.5497, -85.15575], "size": [7, 6, 6], "pivot": [0, 49, -51], "rotation": [30, 0, 0], "uv": [0, 178]}
					]
				},
				{
					"name": "Fins",
					"parent": "Head",
					"pivot": [-2, 21, 0]
				},
				{
					"name": "Left",
					"parent": "Fins",
					"pivot": [0, 21, 0],
					"rotation": [0, 10, 0],
					"cubes": [
						{"origin": [7.60463, 40.34289, 3.19727], "size": [0.1, 17, 23], "pivot": [0, 21, 0], "rotation": [-75, 20, -10], "uv": [123, 11]},
						{"origin": [17.31277, 18.58063, -0.79653], "size": [0.1, 22, 20], "pivot": [0, 21, 0], "rotation": [-90, -10, -10], "uv": [234, 33]},
						{"origin": [15.21277, 27.83476, -5.71109], "size": [3, 3, 24], "inflate": -0.5, "pivot": [0, 21, 0], "rotation": [-125, -10, -10], "uv": [290, 290]},
						{"origin": [5.70463, 39.34289, 3.19727], "size": [3, 3, 24], "inflate": -0.5, "pivot": [0, 21, 0], "rotation": [-75, 20, -10], "uv": [289, 262]},
						{"origin": [5.98633, 33.66635, 13.2894], "size": [3, 3, 26], "inflate": -0.5, "pivot": [0, 21, 0], "rotation": [-35, 20, -15], "uv": [120, 262]},
						{"origin": [3.14086, 35.71859, 13.41717], "size": [3, 21, 3], "inflate": -0.5, "pivot": [0, 21, 0], "rotation": [-35, 30, -10], "uv": [116, 151]},
						{"origin": [5.45218, 37.43625, 6.88373], "size": [3, 19, 3], "inflate": -0.5, "pivot": [0, 21, 0], "rotation": [-25, 30, -10], "uv": [207, 34]},
						{"origin": [4.7103, 41.29275, -8.40868], "size": [0.1, 17, 19], "pivot": [0, 21, 0], "rotation": [-65, 25, 0], "uv": [86, 199]},
						{"origin": [4.7103, 38.67956, 0.55461], "size": [0.1, 18, 15], "pivot": [0, 21, 0], "rotation": [-30, 25, 0], "uv": [274, 43]},
						{"origin": [11.72482, 36.93198, -8.45716], "size": [0.1, 18, 16], "pivot": [0, 21, 0], "rotation": [-15, 0, 0], "uv": [39, 246]},
						{"origin": [11.56021, 41.24774, -14.34964], "size": [0.1, 14, 14], "pivot": [0, 21, 0], "rotation": [0, -5, 0], "uv": [184, 262]},
						{"origin": [19.82197, 40.10818, -10.81377], "size": [3, 12, 3], "inflate": -0.5, "pivot": [0, 21, 0], "rotation": [-15, 30, -10], "uv": [194, 294]},
						{"origin": [12.82196, 40.10817, -0.81377], "size": [3, 15, 3], "inflate": -0.5, "pivot": [0, 21, 0], "rotation": [-15, 30, -10], "uv": [94, 262]},
						{"origin": [11.74938, 19.29942, -6.19873], "size": [8, 8, 23], "pivot": [0, 21, 0], "rotation": [25, -25, 0], "uv": [0, 262]},
						{"origin": [11.74938, 27.29942, -1.19873], "size": [8, 3, 18], "pivot": [0, 21, 0], "rotation": [25, -25, 0], "uv": [96, 291]},
						{"origin": [11.74938, 30.29942, 6.80127], "size": [8, 3, 10], "pivot": [0, 21, 0], "rotation": [25, -25, 0], "uv": [294, 139]}
					]
				},
				{
					"name": "Right",
					"parent": "Fins",
					"pivot": [1, 21, 0],
					"rotation": [0, -10, 0],
					"cubes": [
						{"origin": [-6.80463, 40.34289, 3.19727], "size": [0.1, 17, 23], "pivot": [1, 21, 0], "rotation": [-75, -20, 10], "uv": [0, 14]},
						{"origin": [-17.21277, 18.58063, -1.79653], "size": [3, 22, 21], "inflate": -1, "pivot": [1, 21, 0], "rotation": [-90, 10, 10], "uv": [66, 0]},
						{"origin": [-17.21277, 27.83476, -5.71109], "size": [3, 3, 24], "inflate": -0.5, "pivot": [1, 21, 0], "rotation": [-125, 10, 10], "uv": [288, 58]},
						{"origin": [-7.70463, 39.34289, 3.19727], "size": [3, 3, 24], "inflate": -0.5, "pivot": [1, 21, 0], "rotation": [-75, -20, 10], "uv": [286, 229]},
						{"origin": [-7.98633, 33.66635, 13.2894], "size": [3, 3, 26], "inflate": -0.5, "pivot": [1, 21, 0], "rotation": [-35, -20, 15], "uv": [62, 262]},
						{"origin": [-5.14086, 35.71859, 13.41717], "size": [3, 21, 3], "inflate": -0.5, "pivot": [1, 21, 0], "rotation": [-35, -30, 10], "uv": [104, 151]},
						{"origin": [-7.45218, 37.43625, 6.88373], "size": [3, 19, 3], "inflate": -0.5, "pivot": [1, 21, 0], "rotation": [-25, -30, 10], "uv": [88, 178]},
						{"origin": [-2.9103, 41.29275, -8.40868], "size": [0.1, 17, 19], "pivot": [1, 21, 0], "rotation": [-65, -25, 0], "uv": [169, 15]},
						{"origin": [-2.9103, 38.67956, 0.55461], "size": [0.1, 18, 15], "pivot": [1, 21, 0], "rotation": [-30, -25, 0], "uv": [266, 274]},
						{"origin": [-9.92482, 36.93198, -8.45716], "size": [0.1, 18, 16], "pivot": [1, 21, 0], "rotation": [-15, 0, 0], "uv": [236, 242]},
						{"origin": [-10.76021, 41.24774, -14.34964], "size": [0.1, 14, 14], "pivot": [1, 21, 0], "rotation": [0, 5, 0], "uv": [184, 248]},
						{"origin": [-21.82197, 40.10818, -10.81377], "size": [3, 12, 3], "inflate": -0.5, "pivot": [1, 21, 0], "rotation": [-15, -30, 10], "uv": [236, 293]},
						{"origin": [-14.82196, 40.10817, -0.81377], "size": [3, 15, 3], "inflate": -0.5, "pivot": [1, 21, 0], "rotation": [-15, -30, 10], "uv": [71, 262]},
						{"origin": [-18.74938, 19.29942, -6.19873], "size": [8, 8, 23], "pivot": [1, 21, 0], "rotation": [25, 25, 0], "uv": [256, 103]},
						{"origin": [-18.74938, 27.29942, -1.19873], "size": [8, 3, 18], "pivot": [1, 21, 0], "rotation": [25, 25, 0], "uv": [44, 291]},
						{"origin": [-18.74938, 30.29942, 6.80127], "size": [8, 3, 10], "pivot": [1, 21, 0], "rotation": [25, 25, 0], "uv": [288, 85]}
					]
				},
				{
					"name": "Eyes",
					"parent": "Head",
					"pivot": [0, 21, 0],
					"cubes": [
						{"origin": [46.24832, 32.77329, -27.81441], "size": [9, 7, 10], "pivot": [0, 21, 0], "rotation": [5, 80, 15], "uv": [295, 103]},
						{"origin": [-55.24832, 32.77329, -28.81441], "size": [9, 7, 10], "pivot": [0, 21, 0], "rotation": [5, -80, -15], "uv": [156, 294]}
					]
				}
			]
		}
	]
}