{
	"format_version": "1.12.0",
	"minecraft:geometry": [
		{
			"description": {
				"identifier": "geometry.orc",
				"texture_width": 256,
				"texture_height": 256,
				"visible_bounds_width": 3,
				"visible_bounds_height": 3,
				"visible_bounds_offset": [0, 1.5, 0]
			},
			"bones": [
				{
					"name": "Orc",
					"pivot": [0, 28.7, 2.6]
				},
				{
					"name": "Head",
					"parent": "Orc",
					"pivot": [0, 45.7, 0.6],
					"rotation": [5, 0, 0],
					"cubes": [
						{"origin": [-6, 40.5, -8.4], "size": [12, 12, 12], "uv": [50, 50]},
						{"origin": [-5.9, 39.48502, -1.69049], "size": [11.8, 9, 6], "pivot": [0, 45.7, 0.6], "rotation": [15, 0, 0], "uv": [82, 10]}
					]
				},
				{
					"name": "Jaw",
					"parent": "Head",
					"pivot": [0, 45.7, 0.6],
					"rotation": [-5, 0, 0],
					"cubes": [
						{"origin": [-7, 41.5, -7.4], "size": [14, 3, 6], "uv": [82, 34]},
						{"origin": [3.24264, 39.84315, -6.4], "size": [1, 1, 5], "pivot": [0, 45.7, 0.6], "rotation": [0, 0, -45], "uv": [118, 39]},
						{"origin": [-4.24264, 39.84315, -6.4], "size": [1, 1, 5], "pivot": [0, 45.7, 0.6], "rotation": [0, 0, 45], "uv": [102, 28]},
						{"origin": [-7, 39.5, -9.4], "size": [14, 2, 8], "uv": [52, 0]}
					]
				},
				{
					"name": "Teeth",
					"parent": "Jaw",
					"pivot": [0, 45.7, 0.6],
					"cubes": [
						{"origin": [-4, 41.5, -9.4], "size": [1, 1, 1], "uv": [0, 35]},
						{"origin": [3, 41.5, -9.4], "size": [1, 1, 1], "uv": [8, 10]},
						{"origin": [-6, 43.15596, -9.92293], "size": [1, 2, 1], "inflate": 0.25, "pivot": [0, 45.7, 0.6], "rotation": [10, 0, 0], "uv": [76, 80]},
						{"origin": [5, 43.15596, -9.92293], "size": [1, 2, 1], "inflate": 0.25, "pivot": [0, 45.7, 0.6], "rotation": [10, 0, 0], "uv": [46, 70]},
						{"origin": [-4, 41.5, -9.4], "size": [1, 2, 1], "inflate": -0.05, "uv": [29, 82]},
						{"origin": [3, 41.5, -9.4], "size": [1, 2, 1], "inflate": -0.05, "uv": [68, 74]},
						{"origin": [1, 40.5, -9.4], "size": [1, 2, 1], "inflate": -0.05, "uv": [46, 62]},
						{"origin": [-2, 40.5, -9.4], "size": [2, 2, 1], "inflate": -0.05, "uv": [76, 10]},
						{"origin": [-6.3, 41.67707, -9.54108], "size": [1, 2, 1], "inflate": -0.05, "pivot": [0, 45.7, 0.6], "rotation": [-10, 0, 0], "uv": [76, 74]},
						{"origin": [4.7, 41.67707, -9.54108], "size": [1, 2, 1], "inflate": -0.05, "pivot": [0, 45.7, 0.6], "rotation": [-10, 0, 0], "uv": [6, 70]}
					]
				},
				{
					"name": "Ears",
					"parent": "Head",
					"pivot": [0, 45.7, 0.6]
				},
				{
					"name": "LEar",
					"parent": "Ears",
					"pivot": [-6, 49.7, -3.4],
					"rotation": [0, -15, 0],
					"cubes": [
						{"origin": [-7, 47.5, -4.4], "size": [1, 3, 2], "uv": [82, 34]},
						{"origin": [-7, 47.82893, -3.88369], "size": [1, 3, 3], "pivot": [-6, 49.7, -3.4], "rotation": [25, 0, 0], "uv": [41, 62]},
						{"origin": [-7, 49.04318, -1.00909], "size": [1, 2, 2], "pivot": [-6, 49.7, -3.4], "rotation": [20, 0, 0], "uv": [88, 4]},
						{"origin": [-7, 51.75428, -0.07266], "size": [1, 1, 1], "pivot": [-6, 49.7, -3.4], "rotation": [-5, 0, 0], "uv": [4, 10]}
					]
				},
				{
					"name": "REar",
					"parent": "Ears",
					"pivot": [7, 49.7, -4.4],
					"rotation": [0, 15, 0],
					"cubes": [
						{"origin": [6, 47.5, -5.4], "size": [1, 3, 2], "uv": [58, 74]},
						{"origin": [6, 47.82893, -4.88369], "size": [1, 3, 3], "pivot": [7, 49.7, -4.4], "rotation": [25, 0, 0], "uv": [52, 0]},
						{"origin": [6, 49.04318, -2.00909], "size": [1, 2, 2], "pivot": [7, 49.7, -4.4], "rotation": [20, 0, 0], "uv": [88, 0]},
						{"origin": [6, 51.75428, -1.07266], "size": [1, 1, 1], "pivot": [7, 49.7, -4.4], "rotation": [-5, 0, 0], "uv": [0, 10]}
					]
				},
				{
					"name": "eyelid",
					"parent": "Head",
					"pivot": [0, 50.1, -8.4],
					"cubes": [
						{"origin": [1.8, 49, -8.7], "size": [3.3, 1, 1], "uv": [55, 132]},
						{"origin": [-5.2, 49, -8.7], "size": [3.3, 1, 1], "uv": [55, 132]}
					]
				},
				{
					"name": "Torso",
					"parent": "Orc",
					"pivot": [0, 37.7, 0.6],
					"cubes": [
						{"origin": [-10, 35.5, -2.4], "size": [20, 6, 11], "inflate": -0.25, "uv": [0, 45]},
						{"origin": [-10, 23.09518, -3.20725], "size": [20, 13, 12], "inflate": -0.25, "pivot": [0, 37.7, 0.6], "rotation": [5, 0, 0], "uv": [0, 0]},
						{"origin": [-10, 16.38678, -1.96213], "size": [20, 8, 12], "inflate": -0.25, "uv": [0, 25]}
					]
				},
				{
					"name": "Arms",
					"parent": "Orc",
					"pivot": [0, 35.7, 0.6]
				},
				{
					"name": "LArm",
					"parent": "Arms",
					"pivot": [-9, 35.7, 3.6],
					"rotation": [0, 0, 7],
					"cubes": [
						{"origin": [-10, 32.5, -0.4], "size": [4, 8, 8], "uv": [110, 17]},
						{"origin": [-13.90691, 32.56813, -0.33594], "size": [4, 8, 8], "pivot": [-9, 35.7, 3.6], "rotation": [0, -5, -5], "uv": [76, 109]},
						{"origin": [-17, 32.5, -0.4], "size": [7, 8, 8], "pivot": [-9, 35.7, 3.6], "rotation": [-5, 0, -5], "uv": [52, 93]}
					]
				},
				{
					"name": "lpart1",
					"parent": "LArm",
					"pivot": [-13.2, 33.4, 3.6],
					"cubes": [
						{"origin": [-16, 25.5, -0.4], "size": [6, 8, 8], "uv": [0, 97]}
					]
				},
				{
					"name": "lhand",
					"parent": "lpart1",
					"pivot": [-12.975, 26.4, 4.3],
					"cubes": [
						{"origin": [-15.9, 19.37796, -0.33128], "size": [5.9, 7, 8], "pivot": [-12.975, 26.4, 4.3], "rotation": [-15, 0, 0], "uv": [102, 102]}
					]
				},
				{
					"name": "rightArm",
					"parent": "lpart1",
					"pivot": [-12.975, 26.4, 4.3]
				},
				{
					"name": "rightItem",
					"parent": "rightArm",
					"pivot": [-12.675, 22.1, 4.3],
					"locators": {
					    "held_item": [-12.675, 22.1, 9.3 ]
					}
				},
				{
					"name": "rotator",
					"parent": "lhand",
					"pivot": [-12.675, 22.1, 4.3],
					"locators": {
					    "held_item": [-12.675, 22.1, 9.3 ]
					}
				},
				{
					"name": "RArm",
					"parent": "Arms",
					"pivot": [9, 35.7, 3.6],
					"rotation": [0, 0, -6],
					"cubes": [
						{"origin": [6, 32.5, -0.4], "size": [4, 8, 8], "uv": [52, 109]},
						{"origin": [9.90691, 32.56813, -0.33594], "size": [4, 8, 8], "pivot": [9, 35.7, 3.6], "rotation": [0, 5, 5], "uv": [102, 85]},
						{"origin": [10, 32.5, -0.4], "size": [7, 8, 8], "pivot": [9, 35.7, 3.6], "rotation": [-5, 0, 5], "uv": [86, 43]}
					]
				},
				{
					"name": "rpart1",
					"parent": "RArm",
					"pivot": [13, 33.4, 3.6],
					"cubes": [
						{"origin": [10, 25.5, -0.4], "size": [6, 8, 8], "uv": [82, 93]}
					]
				},
				{
					"name": "rhand",
					"parent": "rpart1",
					"pivot": [13.2, 26.4, 4.3],
					"cubes": [
						{"origin": [10, 19.37796, -0.33128], "size": [5.9, 7, 8], "pivot": [13.2, 26.4, 4.3], "rotation": [-15, 0, 0], "uv": [98, 59]}
					]
				},
				{
					"name": "Legs",
					"parent": "Orc",
					"pivot": [0, 18.7, 2.6]
				},
				{
					"name": "Lleg",
					"parent": "Legs",
					"pivot": [-5, 17.7, 2.6],
					"cubes": [
						{"origin": [-10, 10.5, -1.4], "size": [9, 8, 11], "inflate": -0.1, "uv": [69, 74]}
					]
				},
				{
					"name": "lknee",
					"parent": "Lleg",
					"pivot": [-5, 17.7, 2.6],
					"cubes": [
						{"origin": [-9.9, 8.003, -0.30665], "size": [8.8, 4, 11], "inflate": -0.1, "pivot": [-5, 17.7, 2.6], "rotation": [-10, 0, 0], "uv": [0, 82]}
					]
				},
				{
					"name": "lfoot",
					"parent": "lknee",
					"pivot": [-5, 17.7, 2.6],
					"cubes": [
						{"origin": [-10, -0.16687, -1.89579], "size": [9, 9, 11], "inflate": -0.1, "uv": [0, 62]}
					]
				},
				{
					"name": "Rleg",
					"parent": "Legs",
					"pivot": [6, 17.7, 2.6],
					"cubes": [
						{"origin": [1, 10.5, -1.4], "size": [9, 8, 11], "inflate": -0.1, "uv": [29, 74]}
					]
				},
				{
					"name": "rknee",
					"parent": "Rleg",
					"pivot": [6, 17.7, 2.6],
					"cubes": [
						{"origin": [1.1, 8.003, -0.30665], "size": [8.8, 4, 11], "inflate": -0.1, "pivot": [6, 17.7, 2.6], "rotation": [-10, 0, 0], "uv": [53, 34]}
					]
				},
				{
					"name": "rfoot",
					"parent": "rknee",
					"pivot": [6, 17.7, 2.6],
					"cubes": [
						{"origin": [1, -0.16687, -1.89579], "size": [9, 9, 11], "inflate": -0.1, "uv": [53, 14]}
					]
				}
			]
		},
		
		{
			"description": {
				"identifier": "geometry.orc_armor",
				"texture_width": 128,
				"texture_height": 128,
				"visible_bounds_width": 4,
				"visible_bounds_height": 2,
				"visible_bounds_offset": [0, 1, 0]
			},
			"bones": [
				{
					"name": "Orc",
					"pivot": [0, 0, 0]
				},
				{
					"name": "Arms",
					"parent": "Orc",
					"pivot": [0, 37, 0]
				},
				{
					"name": "RArm",
					"parent": "Arms",
					"pivot": [11, 37, 0]
				},
				{
					"name": "right",
					"parent": "RArm",
					"pivot": [9.59332, 39.45528, 0.9461],
					"cubes": [
						{"origin": [10.37329, 36.47371, -0.93853], "size": [8, 6, 10], "pivot": [13.87329, 38.27371, 1.26147], "rotation": [-5, 0, -10], "uv": [26, 6]},
						{"origin": [11, 31.47371, -0.93853], "size": [8, 6, 10], "inflate": -0.25, "pivot": [13.87329, 38.27371, 1.26147], "rotation": [-5, 0, -10], "uv": [26, 26]},
						{"origin": [13, 29.47371, -0.93853], "size": [8, 6, 10], "inflate": -0.25, "pivot": [13.87329, 38.27371, 1.26147], "rotation": [0, 0, 15], "uv": [0, 16]}
					]
				},
				{
					"name": "Skull",
					"parent": "right",
					"pivot": [10, 39, 1],
					"rotation": [0, 0, -15],
					"cubes": [
						{"origin": [10.8637, 37.16472, -2.2], "size": [6, 5, 2], "pivot": [13.8637, 38.96472, -4], "uv": [26, 61]},
						{"origin": [11.8637, 36.16472, -2.2], "size": [4, 1, 2], "pivot": [13.8637, 38.96472, -4], "uv": [52, 30]}
					]
				},
				{
					"name": "LArm",
					"parent": "Arms",
					"pivot": [-10, 37, 0.8]
				},
				{
					"name": "left",
					"parent": "LArm",
					"pivot": [-9.67466, 38.90948, 0.50459],
					"cubes": [
						{"origin": [-18.37329, 36.47371, -0.93853], "size": [8, 6, 10], "pivot": [-13.87329, 38.27371, 1.26147], "rotation": [-5, 0, 10], "uv": [0, 0]},
						{"origin": [-18, 33.47371, -0.93853], "size": [8, 4, 10], "inflate": -0.25, "pivot": [-13.87329, 38.27371, 1.26147], "rotation": [-5, 0, 10], "uv": [0, 32]}
					]
				},
				{
					"name": "Pike1",
					"parent": "left",
					"pivot": [-17.33381, 44.17206, -2.52835],
					"cubes": [
						{"origin": [-17.2859, 40.7126, -1.50916], "size": [4, 3, 4], "pivot": [-16.2859, 42.0126, -3.30916], "rotation": [20, -65, -45], "uv": [59, 45]},
						{"origin": [-19.76465, 42.93119, -1.42671], "size": [4, 3, 4], "inflate": -0.25, "pivot": [-17.76465, 44.23119, -2.22671], "rotation": [35, -55, -60], "uv": [58, 38]},
						{"origin": [-19.95086, 44.47238, -1.24919], "size": [2, 4, 2], "pivot": [-18.95086, 46.27238, -3.04919], "rotation": [35, -45, -60], "uv": [26, 4]}
					]
				},
				{
					"name": "Pike2",
					"parent": "left",
					"pivot": [-17.33381, 44.17206, 1.47165],
					"rotation": [0, 40, 0],
					"cubes": [
						{"origin": [-17.2859, 40.7126, 2.49084], "size": [4, 3, 4], "pivot": [-16.2859, 42.0126, 0.69084], "rotation": [20, -65, -45], "uv": [55, 57]},
						{"origin": [-19.76465, 42.93119, 2.57329], "size": [4, 3, 4], "inflate": -0.25, "pivot": [-17.76465, 44.23119, 1.77329], "rotation": [35, -55, -60], "uv": [12, 56]},
						{"origin": [-19.95086, 44.47238, 2.75081], "size": [2, 4, 2], "pivot": [-18.95086, 46.27238, 0.95081], "rotation": [35, -45, -60], "uv": [0, 16]}
					]
				},
				{
					"name": "Pike3",
					"parent": "left",
					"pivot": [-17.33381, 44.00539, 5.47165],
					"rotation": [0, 110, -30],
					"cubes": [
						{"origin": [-17.2859, 39.7126, 6.49084], "size": [4, 4, 4], "pivot": [-16.2859, 42.0126, 4.69084], "rotation": [20, -65, -45], "uv": [52, 22]},
						{"origin": [-19.76465, 42.93119, 6.57329], "size": [4, 3, 4], "inflate": -0.25, "pivot": [-17.76465, 44.23119, 5.77329], "rotation": [35, -55, -60], "uv": [0, 53]},
						{"origin": [-19.95086, 44.47238, 6.75081], "size": [2, 4, 2], "pivot": [-18.95086, 46.27238, 4.95081], "rotation": [35, -45, -60], "uv": [0, 0]}
					]
				},
				{
					"name": "Torso",
					"parent": "Orc",
					"pivot": [0, 0, 0]
				},
				{
					"name": "ChestPiece",
					"parent": "Torso",
					"pivot": [-0.69962, 33.54066, 0.36083],
					"cubes": [
						{"origin": [-2.38146, 35.27665, -3.1433], "size": [13, 2, 2], "pivot": [4.61854, 36.07665, -4.4433], "rotation": [0, -10, -25], "uv": [26, 22]},
						{"origin": [-2.38146, 35.27665, 7.7433], "size": [13, 2, 2], "pivot": [4.61854, 36.07665, 4.4433], "rotation": [0, 10, -25], "uv": [26, 0]},
						{"origin": [-4.38146, 25.27665, 7.7433], "size": [9, 14, 5], "pivot": [-1.88146, 33.07665, 7.4433], "rotation": [0, 0, -20], "uv": [31, 42]},
						{"origin": [-4.38146, 24.27665, 7.7433], "size": [9, 2, 5], "inflate": -0.5, "pivot": [-1.88146, 33.07665, 7.4433], "rotation": [0, 0, -20], "uv": [0, 46]},
						{"origin": [-10.53558, 35.70935, -3.59949], "size": [9, 2, 2], "pivot": [-5.53558, 36.50935, -5.39949], "rotation": [0, 20, 40], "uv": [52, 8]},
						{"origin": [-10.53558, 35.70935, 8.19949], "size": [9, 2, 2], "pivot": [-5.53558, 36.50935, 5.39949], "rotation": [0, -20, 40], "uv": [52, 4]},
						{"origin": [-4, 32.2, -5.2], "size": [6, 5, 2], "pivot": [-1, 34, -7], "rotation": [0, 0, 15], "uv": [62, 12]},
						{"origin": [-3, 31.2, -5.2], "size": [4, 1, 2], "pivot": [-1, 34, -7], "rotation": [0, 0, 15], "uv": [52, 33]}
					]
				}
			]
		},
		
		{
			"description": {
				"identifier": "geometry.orc_axe",
				"texture_width": 256,
				"texture_height": 256,
				"visible_bounds_width": 3,
				"visible_bounds_height": 2,
				"visible_bounds_offset": [0, 1, 0]
			},
			"bones": [
				{
					"name": "Orc",
					"pivot": [0, 28.7, 2.6]
				},
				{
					"name": "Arms",
					"parent": "Orc",
					"pivot": [0, 35.7, 0.6]
				},
				{
					"name": "LArm",
					"parent": "Arms",
					"pivot": [-9, 35.7, 3.6],
					"rotation": [0, 0, 7]
				},
				{
					"name": "lpart1",
					"parent": "LArm",
					"pivot": [-13.2, 33.4, 3.6]
				},
				{
					"name": "lhand",
					"parent": "lpart1",
					"pivot": [-12.975, 26.4, 4.3]
				},
				{
					"name": "rotator",
					"parent": "lhand",
					"pivot": [-12.975, 26.4, 4.3]
				},
				{
					"name": "Axe",
					"parent": "rotator",
					"pivot": [-12.5, 22.64559, 2.68432],
					"cubes": [
						{"origin": [-14, 15.67128, 1.42921], "size": [3, 36, 3], "pivot": [-12.5, 22.64559, 2.68432], "rotation": [80, 0, 0], "uv": [40, 93]},
						{"origin": [-14, 36.67128, 1.42921], "size": [3, 5, 3], "inflate": 0.25, "pivot": [-12.5, 22.64559, 2.68432], "rotation": [80, 0, 0], "uv": [118, 59]},
						{"origin": [-14, 34.24928, 2.653], "size": [3, 2, 3], "inflate": 0.25, "pivot": [-12.5, 22.64559, 2.68432], "rotation": [85, 0, 0], "uv": [121, 12]},
						{"origin": [-14, 18.67128, 1.42921], "size": [3, 5, 3], "inflate": 0.25, "pivot": [-12.5, 22.64559, 2.68432], "rotation": [80, 0, 0], "uv": [112, 117]},
						{"origin": [-14, 12.67128, 1.42921], "size": [3, 5, 3], "inflate": 0.25, "pivot": [-12.5, 22.64559, 2.68432], "rotation": [80, 0, 0], "uv": [68, 109]},
						{"origin": [-13.9, 47.46349, 13.89811], "size": [2.8, 3, 6], "inflate": 0.25, "pivot": [-12.5, 22.64559, 2.68432], "rotation": [105, 0, 0], "uv": [29, 62]},
						{"origin": [-14, 52.1133, 6.44444], "size": [3, 3, 2], "pivot": [-12.5, 22.64559, 2.68432], "rotation": [80, 0, 0], "uv": [92, 109]},
						{"origin": [-14, 51.48692, -5.90122], "size": [3, 3.42, 2], "pivot": [-12.5, 22.64559, 2.68432], "rotation": [55, 0, 0], "uv": [51, 51]},
						{"origin": [-14, 54.11167, -5.03935], "size": [3, 1.42, 2], "pivot": [-12.5, 22.64559, 2.68432], "rotation": [60, 0, 0], "uv": [64, 10]},
						{"origin": [-14, 54.65894, -4.12632], "size": [3, 1.42, 2], "pivot": [-12.5, 22.64559, 2.68432], "rotation": [65, 0, 0], "uv": [0, 53]},
						{"origin": [-14, 55.12453, -3.16906], "size": [3, 1.42, 2], "pivot": [-12.5, 22.64559, 2.68432], "rotation": [70, 0, 0], "uv": [52, 34]},
						{"origin": [-14, 50.50493, -2.17487], "size": [3, 6.42, 2], "pivot": [-12.5, 22.64559, 2.68432], "rotation": [75, 0, 0], "uv": [0, 82]},
						{"origin": [-14, 45.40167, 0.28916], "size": [3, 6.42, 2], "inflate": -0.25, "pivot": [-12.5, 22.64559, 2.68432], "rotation": [80, 0, 0], "uv": [0, 62]},
						{"origin": [-13, 45.40167, -1.57079], "size": [1, 1.42, 3], "pivot": [-12.5, 22.64559, 2.68432], "rotation": [80, 0, 0], "uv": [71, 80]},
						{"origin": [-13, 51.40167, -1.57079], "size": [1, 1.42, 3], "pivot": [-12.5, 22.64559, 2.68432], "rotation": [80, 0, 0], "uv": [79, 10]},
						{"origin": [-13, 55.40167, -1.57079], "size": [1, 1.42, 3], "pivot": [-12.5, 22.64559, 2.68432], "rotation": [80, 0, 0], "uv": [71, 10]},
						{"origin": [-14, 45.40167, -4.57079], "size": [3, 12.42, 3], "pivot": [-12.5, 22.64559, 2.68432], "rotation": [80, 0, 0], "uv": [112, 0]},
						{"origin": [-14, 36.28486, -13.43968], "size": [3, 6.42, 4], "inflate": -0.25, "pivot": [-12.5, 22.64559, 2.68432], "rotation": [60, 0, 0], "uv": [96, 0]},
						{"origin": [-14, 31.28486, -13.43968], "size": [3, 6.42, 3], "inflate": -0.5, "pivot": [-12.5, 22.64559, 2.68432], "rotation": [60, 0, 0], "uv": [100, 117]},
						{"origin": [-14, 36.06536, -9.30322], "size": [3, 11.42, 3], "inflate": -0.74, "pivot": [-12.5, 22.64559, 2.68432], "rotation": [80, 0, 0], "uv": [12, 113]},
						{"origin": [-14, 35.57498, -9.82079], "size": [3, 11.42, 3], "inflate": -1, "pivot": [-12.5, 22.64559, 2.68432], "rotation": [80, 0, 0], "uv": [0, 113]},
						{"origin": [-14, 43.90263, -11.82948], "size": [3, 7.42, 3], "inflate": -1, "pivot": [-12.5, 22.64559, 2.68432], "rotation": [75, 0, 0], "uv": [0, 25]},
						{"origin": [-14, 48.03874, -14.20769], "size": [3, 7.42, 3], "inflate": -1, "pivot": [-12.5, 22.64559, 2.68432], "rotation": [70, 0, 0], "uv": [0, 0]},
						{"origin": [-14, 44.9326, -11.37829], "size": [3, 6.42, 3], "inflate": -0.74, "pivot": [-12.5, 22.64559, 2.68432], "rotation": [75, 0, 0], "uv": [116, 50]},
						{"origin": [-14, 48.60427, -13.7825], "size": [3, 6.42, 3], "inflate": -0.74, "pivot": [-12.5, 22.64559, 2.68432], "rotation": [70, 0, 0], "uv": [112, 74]},
						{"origin": [-14, 48.389, -21.48709], "size": [3, 3.42, 4], "inflate": -0.74, "pivot": [-12.5, 22.64559, 2.68432], "rotation": [55, 0, 0], "uv": [108, 43]},
						{"origin": [-14, 40.06536, -7.78322], "size": [3, 17.42, 4], "inflate": -0.74, "pivot": [-12.5, 22.64559, 2.68432], "rotation": [80, 0, 0], "uv": [24, 109]},
						{"origin": [-13, 43.16215, -10.56759], "size": [1, 3.42, 2], "pivot": [-12.5, 22.64559, 2.68432], "rotation": [55, 0, 0], "uv": [29, 62]},
						{"origin": [-14, 39.50162, 4.35144], "size": [3, 6.42, 2], "inflate": -0.25, "pivot": [-12.5, 22.64559, 2.68432], "rotation": [90, 0, 0], "uv": [0, 45]},
						{"origin": [-14, 44.70172, -17.82545], "size": [3, 4, 3], "inflate": -0.25, "pivot": [-12.5, 22.64559, 2.68432], "rotation": [30, 0, 0], "uv": [118, 83]},
						{"origin": [-14, 34.67732, -25.0231], "size": [3, 4, 4], "inflate": -0.5, "pivot": [-12.5, 22.64559, 2.68432], "rotation": [5, 0, 0], "uv": [20, 97]},
						{"origin": [-14, 35.67732, -22.0231], "size": [3, 3, 4], "inflate": -0.5, "pivot": [-12.5, 22.64559, 2.68432], "rotation": [5, 0, 0], "uv": [98, 74]},
						{"origin": [-14, 36.67732, -19.0231], "size": [3, 2, 4], "inflate": -0.5, "pivot": [-12.5, 22.64559, 2.68432], "rotation": [5, 0, 0], "uv": [116, 33]},
						{"origin": [-13.5, 27.50859, -23.96571], "size": [2, 2, 4], "inflate": -0.5, "pivot": [-12.5, 22.64559, 2.68432], "rotation": [-20, 0, 0], "uv": [68, 74]},
						{"origin": [-13.5, 36.94517, -23.74202], "size": [2, 3, 6], "inflate": -0.5, "pivot": [-12.5, 22.64559, 2.68432], "rotation": [5, 0, 0], "uv": [58, 74]},
						{"origin": [-13.5, 46.30939, -18.12858], "size": [2, 3, 5], "inflate": -0.5, "pivot": [-12.5, 22.64559, 2.68432], "rotation": [30, 0, 0], "uv": [93, 25]},
						{"origin": [-14, 38.38036, 23.4205], "size": [3, 2, 5], "inflate": 0.25, "pivot": [-12.5, 22.64559, 2.68432], "rotation": [130, 0, 0], "uv": [74, 93]}
					]
				}
			]
		},
		
		{
			"description": {
				"identifier": "geometry.orc_sword",
				"texture_width": 64,
				"texture_height": 64,
				"visible_bounds_width": 3,
				"visible_bounds_height": 2,
				"visible_bounds_offset": [0, 1, 0]
			},
			"bones": [
				{
					"name": "Orc",
					"pivot": [0, 28.7, 2.6]
				},
				{
					"name": "Head",
					"parent": "Orc",
					"pivot": [0, 45.7, 0.6],
					"rotation": [5, 0, 0]
				},
				{
					"name": "Jaw",
					"parent": "Head",
					"pivot": [0, 45.7, 0.6],
					"rotation": [-5, 0, 0]
				},
				{
					"name": "Teeth",
					"parent": "Jaw",
					"pivot": [0, 45.7, 0.6]
				},
				{
					"name": "Ears",
					"parent": "Head",
					"pivot": [0, 45.7, 0.6]
				},
				{
					"name": "LEar",
					"parent": "Ears",
					"pivot": [-6, 49.7, -3.4],
					"rotation": [0, -15, 0]
				},
				{
					"name": "REar",
					"parent": "Ears",
					"pivot": [7, 49.7, -4.4],
					"rotation": [0, 15, 0]
				},
				{
					"name": "eyelid",
					"parent": "Head",
					"pivot": [0, 50.1, -8.4]
				},
				{
					"name": "Torso",
					"parent": "Orc",
					"pivot": [0, 37.7, 0.6]
				},
				{
					"name": "Arms",
					"parent": "Orc",
					"pivot": [0, 35.7, 0.6]
				},
				{
					"name": "LArm",
					"parent": "Arms",
					"pivot": [-9, 35.7, 3.6],
					"rotation": [0, 0, 7]
				},
				{
					"name": "lpart1",
					"parent": "LArm",
					"pivot": [-13.2, 33.4, 3.6]
				},
				{
					"name": "lhand",
					"parent": "lpart1",
					"pivot": [-12.975, 26.4, 4.3]
				},
				{
					"name": "rotator",
					"parent": "lhand",
					"pivot": [-12.675, 22.1, 4.3]
				},
				{
					"name": "sword",
					"parent": "rotator",
					"pivot": [-12.675, 22.1, 4.3],
					"rotation": [-20, 0, 0],
					"cubes": [
						{"origin": [-13.675, 21.1, -3.7], "size": [2, 2, 14], "uv": [0, 0]},
						{"origin": [-15.675, 20.1, -4.7], "size": [4, 5, 1], "uv": [0, 0]},
						{"origin": [-14.2, 20.1, -14.7], "size": [1, 4, 10], "uv": [18, 0]},
						{"origin": [-14.2, 18.1, -9.7], "size": [1, 2, 1], "pivot": [-12.675, 20.1, -9.7], "rotation": [20, 10, 0], "uv": [10, 0]},
						{"origin": [-14.2, 19.1, -11.7], "size": [1, 2, 1], "pivot": [-12.675, 20.1, -9.7], "rotation": [20, 10, 0], "uv": [9, 10]},
						{"origin": [-13.2, 20.1, -13.7], "size": [1, 2, 1], "pivot": [-12.675, 20.1, -9.7], "rotation": [20, 10, 0], "uv": [7, 6]},
						{"origin": [-14.2, 20.1, -24.7], "size": [1, 4, 10], "pivot": [-12.675, 20.1, -14.7], "rotation": [-15, 0, 5], "uv": [0, 16]},
						{"origin": [-13.85138, 23.83919, -33.00941], "size": [1, 3, 9], "pivot": [-12.675, 24.1, -24.7], "rotation": [-30, 0, 0], "uv": [13, 21]},
						{"origin": [-15, 15.1, -4.7], "size": [3, 5, 1], "pivot": [-12.675, 20.1, -3.7], "rotation": [-35, 0, 0], "uv": [0, 16]},
						{"origin": [-15, 25.1, -4.7], "size": [3, 2, 1], "pivot": [-12.675, 25.1, -3.7], "rotation": [15, 0, 0], "uv": [0, 11]},
						{"origin": [-13.675, 21.1, 10.3], "size": [2, 2, 3], "inflate": 0.2, "uv": [0, 6]}
					]
				},
				{
					"name": "RArm",
					"parent": "Arms",
					"pivot": [9, 35.7, 3.6],
					"rotation": [0, 0, -6]
				},
				{
					"name": "rpart1",
					"parent": "RArm",
					"pivot": [13, 33.4, 3.6]
				},
				{
					"name": "rhand",
					"parent": "rpart1",
					"pivot": [13.2, 26.4, 4.3]
				},
				{
					"name": "Legs",
					"parent": "Orc",
					"pivot": [0, 18.7, 2.6]
				},
				{
					"name": "Lleg",
					"parent": "Legs",
					"pivot": [-5, 17.7, 2.6]
				},
				{
					"name": "lknee",
					"parent": "Lleg",
					"pivot": [-5, 17.7, 2.6]
				},
				{
					"name": "lfoot",
					"parent": "lknee",
					"pivot": [-5, 17.7, 2.6]
				},
				{
					"name": "Rleg",
					"parent": "Legs",
					"pivot": [6, 17.7, 2.6]
				},
				{
					"name": "rknee",
					"parent": "Rleg",
					"pivot": [6, 17.7, 2.6]
				},
				{
					"name": "rfoot",
					"parent": "rknee",
					"pivot": [6, 17.7, 2.6]
				}
			]
		},
		
		{
			"description": {
				"identifier": "geometry.orc_pickaxe",
				"texture_width": 64,
				"texture_height": 64,
				"visible_bounds_width": 4,
				"visible_bounds_height": 2,
				"visible_bounds_offset": [0, 1, 0]
			},
			"bones": [
				{
					"name": "Orc",
					"pivot": [0, 28.7, 2.6]
				},
				{
					"name": "Arms",
					"parent": "Orc",
					"pivot": [0, 35.7, 0.6]
				},
				{
					"name": "LArm",
					"parent": "Arms",
					"pivot": [-9, 35.7, 3.6],
					"rotation": [0, 0, 7]
				},
				{
					"name": "lpart1",
					"parent": "LArm",
					"pivot": [-13.2, 33.4, 3.6]
				},
				{
					"name": "lhand",
					"parent": "lpart1",
					"pivot": [-12.975, 26.4, 4.3]
				},
				{
					"name": "rotator",
					"parent": "lhand",
					"pivot": [-12.675, 22.1, 4.3]
				},
				{
					"name": "pickaxe",
					"parent": "rotator",
					"pivot": [-12.675, 22.1, 3.3],
					"cubes": [
						{"origin": [-13.675, 21.1, -13.7], "size": [2, 2, 28], "uv": [0, 0]},
						{"origin": [-13.675, 21.1, -14.7], "size": [2, 10, 3], "inflate": 0.3, "pivot": [-12.675, 23.1, -11.7], "rotation": [-10, 0, 0], "uv": [0, 0]},
						{"origin": [-13.675, 17.25846, -14.88884], "size": [2, 4, 3], "inflate": 0.321, "pivot": [-12.675, 22.1, -12.7], "rotation": [10, 0, 0], "uv": [17, 18]},
						{"origin": [-13.675, 13.00885, -14.03579], "size": [2, 4, 3], "inflate": 0.2, "pivot": [-12.675, 17.1, -13.7], "rotation": [30, 0, 0], "uv": [10, 14]},
						{"origin": [-13.675, 6.60692, -12.26784], "size": [2, 7, 3], "pivot": [-12.675, 14.1, -11.7], "rotation": [65, 0, 0], "uv": [12, 0]},
						{"origin": [-13, 10.40632, -8.66201], "size": [1, 1, 4], "inflate": 0.2, "pivot": [-12.675, 11.1, -6.7], "rotation": [30, 0, 0], "uv": [6, 21]},
						{"origin": [-13, 13.40632, -10.66201], "size": [1, 1, 4], "inflate": 0.2, "pivot": [-12.675, 11.1, -6.7], "rotation": [30, 0, 0], "uv": [17, 10]},
						{"origin": [-13, 23.14799, -18.23381], "size": [1, 1, 6], "inflate": 0.2, "pivot": [-12.675, 24.1, -14.7], "rotation": [-45, 0, 0], "uv": [4, 7]},
						{"origin": [-13.675, 30.22154, -13.31081], "size": [2, 5, 3], "pivot": [-12.675, 31.1, -11.7], "rotation": [-35, 0, 0], "uv": [0, 14]},
						{"origin": [-13, 21.1, 16.3], "size": [1, 2, 3], "pivot": [-12.675, 21.1, 16.3], "rotation": [30, 0, 0], "uv": [0, 23]},
						{"origin": [-13.675, 21.1, 13.3], "size": [2, 2, 3], "inflate": 0.2, "uv": [0, 30]}
					]
				}
			]
		}
	]
}