{
	"format_version": "1.10.0",
	"geometry.player.armorchain.base": {
		"texturewidth": 128,
		"textureheight": 128,
		"visible_bounds_width": 3,
		"visible_bounds_height": 2,
		"visible_bounds_offset": [0, 1, 0],
		"bones": [
			{
				"name": "waist",
				"pivot": [0, 12, 0]
			},
			{
				"name": "body",
				"parent": "waist",
				"pivot": [0, 24, 0],
				"cubes": [
					{"origin": [-4, 12.3, -2], "size": [8, 12, 4], "uv": [0, 0], "inflate": 0.6}
				]
			},
			{
				"name": "head",
				"parent": "body",
				"pivot": [0, 24, 0]
			},
			{
				"name": "hat",
				"parent": "head",
				"pivot": [0, 24, 0],
				"cubes": [
					{"origin": [-4, 29.9, -4], "size": [8, 2, 5], "uv": [21, 40], "inflate": 0.6},
					{"origin": [-4, 24, -4], "size": [8, 2, 5.2], "uv": [0, 35], "inflate": 0.3},
					{"origin": [-4, 24, -4], "size": [1, 3, 5.2], "uv": [11, 100], "inflate": 0.5},
					{"origin": [3, 24, -4], "size": [1, 3, 5.2], "uv": [39, 98], "inflate": 0.5},
					{"origin": [-4, 23.6, -5.6], "size": [8, 3, 5], "uv": [24, 0], "inflate": -0.1},
					{"origin": [-4, 27, -2.4], "size": [8, 5, 6.4], "uv": [0, 16], "inflate": 0.4},
					{"origin": [-4, 27, 0.1], "size": [8, 5, 5], "uv": [23, 23], "inflate": -0.4},
					{"origin": [-4, 27, 1], "size": [8, 5, 5], "uv": [22, 11], "inflate": -1.2},
					{"origin": [2.4, 31.4, -0.1], "size": [1.5, 1.1, 1.6], "uv": [43, 12], "inflate": 0.6},
					{"origin": [-3.9, 31.4, -0.1], "size": [1.5, 1.1, 1.6], "uv": [43, 10], "inflate": 0.6},
					{"origin": [2.7, 27.7, 2], "size": [1.5, 1.1, 1.6], "uv": [42, 35], "inflate": 0.6},
					{"origin": [-4.3, 27.7, 2], "size": [1.5, 1.1, 1.6], "uv": [42, 33], "inflate": 0.6},
					{"origin": [3.2, 32.1, 1.1], "size": [1, 1, 1], "uv": [42, 8], "inflate": 0.6},
					{"origin": [-4.2, 32.1, 1.1], "size": [1, 1, 1], "uv": [42, 42], "inflate": 0.6},
					{"origin": [3.3, 28.4, 3.2], "size": [1, 1, 1], "uv": [20, 42], "inflate": 0.6},
					{"origin": [-4.3, 28.4, 3.2], "size": [1, 1, 1], "uv": [16, 42], "inflate": 0.6},
					{"origin": [3.4, 32.5, 2], "size": [1, 1, 1.7], "uv": [12, 42], "inflate": 0.5},
					{"origin": [-4.4, 32.5, 2], "size": [1, 1, 1.7], "uv": [0, 42], "inflate": 0.5},
					{"origin": [3.3, 28.8, 4.1], "size": [1, 1, 1.7], "uv": [40, 21], "inflate": 0.5},
					{"origin": [-4.3, 28.8, 4.1], "size": [1, 1, 1.7], "uv": [39, 9], "inflate": 0.5},
					{"origin": [3.8, 33, 3.3], "size": [1, 1, 1.7], "uv": [0, 37], "inflate": 0.3},
					{"origin": [-4.8, 33, 3.3], "size": [1, 1, 1.7], "uv": [36, 21], "inflate": 0.3},
					{"origin": [3.5, 29.3, 5.4], "size": [1, 1, 1.7], "uv": [36, 8], "inflate": 0.5},
					{"origin": [-4.5, 29.3, 5.4], "size": [1, 1, 1.7], "uv": [21, 35], "inflate": 0.5},
					{"origin": [4.2, 33.4, 4.4], "size": [1, 1, 1.7], "uv": [0, 35], "inflate": 0.2},
					{"origin": [-5.2, 33.4, 4.4], "size": [1, 1, 1.7], "uv": [33, 9], "inflate": 0.2},
					{"origin": [3.5, 29.7, 6.5], "size": [1, 1, 1.7], "uv": [32, 21], "inflate": 0.4},
					{"origin": [-4.5, 29.7, 6.5], "size": [1, 1, 1.7], "uv": [0, 31], "inflate": 0.4},
					{"origin": [3.9, 33.4, 5.3], "size": [1, 1, 1.7], "uv": [30, 8], "inflate": 0.2},
					{"origin": [-4.9, 33.4, 5.3], "size": [1, 1, 1.7], "uv": [0, 29], "inflate": 0.2},
					{"origin": [3.5, 29.7, 7.4], "size": [1, 1, 1.7], "uv": [28, 21], "inflate": 0.2},
					{"origin": [-4.5, 29.7, 7.4], "size": [1, 1, 1.7], "uv": [27, 9], "inflate": 0.2},
					{"origin": [-4, 30.1, -7.5], "size": [8, 2, 4.7], "uv": [43, 36], "inflate": 0.2},
					{"origin": [-2, 30.7, -7.1], "size": [4, 2, 6], "uv": [72, 37], "inflate": -0.1},
					{"origin": [-2, 31.2, -6], "size": [4, 2, 6], "uv": [71, 59], "inflate": -0.4},
					{"origin": [-2, 31.5, -3.8], "size": [4, 2, 6], "uv": [71, 47], "inflate": -0.5},
					{"origin": [-2, 29.2, -10.5], "size": [4, 2, 6], "uv": [70, 70], "inflate": -0.3},
					{"origin": [-2, 30.1, -9.1], "size": [4, 2, 6], "uv": [25, 69], "inflate": -0.3},
					{"origin": [-4, 29.6, -9.6], "size": [8, 2, 3.6], "uv": [76, 22], "inflate": -0.1},
					{"origin": [1.5, 30.2, -10.1], "size": [2, 2, 3], "uv": [32, 52], "inflate": -0.2},
					{"origin": [-3.5, 30.2, -10.1], "size": [2, 2, 3], "uv": [32, 47], "inflate": -0.2},
					{"origin": [2.4, 28.8, -9], "size": [1, 2, 1], "uv": [20, 0], "inflate": 0.2},
					{"origin": [-3.4, 28.8, -9], "size": [1, 2, 1], "uv": [0, 19], "inflate": 0.2},
					{"origin": [1.7, 25.2, -8.9], "size": [1, 1, 1], "uv": [0, 27], "inflate": 0.3},
					{"origin": [-2.7, 25.2, -8.9], "size": [1, 1, 1], "uv": [24, 8], "inflate": 0.3},
					{"origin": [1.5, 22.9, -7.1], "size": [4, 6, 5], "uv": [0, 70], "inflate": -1.7},
					{"origin": [-5.5, 22.9, -7.1], "size": [4, 6, 5], "uv": [58, 65], "inflate": -1.7},
					{"origin": [1.3, 22.5, -9.9], "size": [4, 6, 5], "uv": [64, 11], "inflate": -1.9},
					{"origin": [-5.3, 22.5, -9.9], "size": [4, 6, 5], "uv": [64, 0], "inflate": -1.9},
					{"origin": [1.4, 22.5, -8.5], "size": [4, 6, 5], "uv": [40, 64], "inflate": -1.9},
					{"origin": [-5.4, 22.5, -8.5], "size": [4, 6, 5], "uv": [13, 64], "inflate": -1.9},
					{"origin": [1.5, 27.3, -8.7], "size": [4, 6, 5], "uv": [63, 26], "inflate": -1.9},
					{"origin": [-5.5, 27.3, -8.7], "size": [4, 6, 5], "uv": [59, 42], "inflate": -1.9},
					{"origin": [1.4, 27.3, -7.5], "size": [4, 6, 5], "uv": [27, 58], "inflate": -1.9},
					{"origin": [-5.4, 27.3, -7.5], "size": [4, 6, 5], "uv": [0, 58], "inflate": -1.9},
					{"origin": [1.3, 27.2, -9.8], "size": [4, 6, 5], "uv": [54, 54], "inflate": -1.9},
					{"origin": [-5.3, 27.2, -9.8], "size": [4, 6, 5], "uv": [49, 20], "inflate": -1.9},
					{"origin": [1.7, 26.1, -8.9], "size": [1, 1, 1], "uv": [24, 0], "inflate": 0.1},
					{"origin": [-2.7, 26.1, -8.9], "size": [1, 1, 1], "uv": [23, 2], "inflate": 0.1},
					{"origin": [2.4, 27.4, -9], "size": [1, 2, 1], "uv": [0, 16], "inflate": 0.1},
					{"origin": [-3.4, 27.4, -9], "size": [1, 2, 1], "uv": [0, 0], "inflate": 0.1},
					{"origin": [-4, 23.8, -8], "size": [8, 2, 5], "uv": [21, 33], "inflate": 0.1},
					{"origin": [-4, 24.3, -9.1], "size": [8, 2, 3], "uv": [42, 76], "inflate": -0.3},
					{"origin": [-4, 23.3, -6.5], "size": [8, 2, 5], "uv": [0, 28]}
				]
			},
			{
				"name": "rightArm",
				"parent": "body",
				"pivot": [-5, 22, 0],
				"cubes": [
					{"origin": [-8.2, 12, -2], "size": [4, 12, 4], "uv": [48, 4], "inflate": 0.3},
					{"origin": [-8.5, 20.3, -2], "size": [4, 1, 4], "uv": [97, 49], "inflate": 0.4},
					{"origin": [-8.9, 21.9, -2], "size": [4, 1, 4], "uv": [97, 42], "inflate": 0.4},
					{"origin": [-8.9, 24, -2], "size": [4, 1, 4], "uv": [97, 28], "inflate": 0.7},
					{"origin": [-9.6, 24.5, -2], "size": [4, 1, 4], "uv": [96, 63], "inflate": 0.5},
					{"origin": [-10.9, 24.5, -2], "size": [4, 1, 4], "uv": [96, 96], "inflate": 0.3},
					{"origin": [-9, 24.3, -2], "size": [4, 3, 4], "uv": [68, 93], "inflate": -0.7},
					{"origin": [-9.5, 24.8, -2], "size": [4, 3, 4], "uv": [12, 93], "inflate": -0.9},
					{"origin": [-9.8, 25.5, -2], "size": [4, 3, 4], "uv": [42, 91], "inflate": -1},
					{"origin": [-9.8, 25.5, -2], "size": [4, 4, 4], "uv": [56, 86], "inflate": -1.2},
					{"origin": [-9.4, 26, -2], "size": [4, 4, 4], "uv": [85, 55], "inflate": -1.3},
					{"origin": [-9.2, 26.5, -2], "size": [4, 4, 4], "uv": [85, 45], "inflate": -1.4},
					{"origin": [-8.9, 26.9, -2], "size": [4, 4, 4], "uv": [14, 85], "inflate": -1.5},
					{"origin": [-9.5, 24.8, -2], "size": [4, 3, 4], "uv": [90, 75], "inflate": -0.8}
				]
			},
			{
				"name": "leftArm",
				"parent": "body",
				"pivot": [5, 22, 0],
				"mirror": true,
				"cubes": [
					{"origin": [4.1, 12, -2], "size": [4, 12, 4], "uv": [16, 47], "inflate": 0.3, "mirror": false},
					{"origin": [4.7, 24, -2], "size": [4, 1, 4], "uv": [54, 96], "inflate": 0.7, "mirror": false},
					{"origin": [4.7, 21.9, -2], "size": [4, 1, 4], "uv": [0, 96], "inflate": 0.4, "mirror": false},
					{"origin": [4.3, 20.3, -2], "size": [4, 1, 4], "uv": [95, 18], "inflate": 0.4, "mirror": false},
					{"origin": [5.4, 24.5, -2], "size": [4, 1, 4], "uv": [84, 95], "inflate": 0.5, "mirror": false},
					{"origin": [4.8, 24.3, -2], "size": [4, 3, 4], "uv": [90, 0], "inflate": -0.7, "mirror": false},
					{"origin": [5.3, 24.8, -2], "size": [4, 3, 4], "uv": [0, 89], "inflate": -0.8, "mirror": false},
					{"origin": [5.6, 25, -2], "size": [4, 3, 4], "uv": [88, 88], "inflate": -0.9, "mirror": false},
					{"origin": [5.9, 25.5, -2], "size": [4, 3, 4], "uv": [30, 88], "inflate": -1, "mirror": false},
					{"origin": [5.9, 25.5, -2], "size": [4, 4, 4], "uv": [84, 67], "inflate": -1.2, "mirror": false},
					{"origin": [5.5, 26, -2], "size": [4, 4, 4], "uv": [82, 14], "inflate": -1.3, "mirror": false},
					{"origin": [5.3, 26.5, -2], "size": [4, 4, 4], "uv": [44, 82], "inflate": -1.4, "mirror": false},
					{"origin": [5, 26.9, -2], "size": [4, 4, 4], "uv": [81, 27], "inflate": -1.5, "mirror": false},
					{"origin": [6.7, 24.5, -2], "size": [4, 1, 4], "uv": [28, 95], "inflate": 0.3, "mirror": false}
				]
			},
			{
				"name": "rightLeg",
				"parent": "body",
				"pivot": [-1.9, 12, 0],
				"cubes": [
					{"origin": [-4, 0.2, -2], "size": [4, 12, 4], "uv": [43, 43], "inflate": 0.3},
					{"origin": [-4, 4.9, -3.3], "size": [4, 3, 5], "uv": [0, 81], "inflate": -0.6},
					{"origin": [-4, 4.9, -3.8], "size": [4, 3, 5], "uv": [26, 80], "inflate": -0.9},
					{"origin": [-4, 4.9, -2.5], "size": [4, 3, 5], "uv": [77, 78], "inflate": -0.1},
					{"origin": [-4.4, 8.3, -2], "size": [4, 1, 4], "uv": [94, 23], "inflate": 0.4},
					{"origin": [-4.5, 10.4, -2], "size": [4, 1, 4], "uv": [94, 10], "inflate": 0.4},
					{"origin": [-4, 0.3, -2], "size": [4, 3, 4], "uv": [86, 35], "inflate": 0.5}
				]
			},
			{
				"name": "leftLeg",
				"parent": "body",
				"pivot": [1.9, 12, 0],
				"mirror": true,
				"cubes": [
					{"origin": [0, 0.2, -2], "size": [4, 12, 4], "uv": [0, 42], "inflate": 0.3, "mirror": false},
					{"origin": [0, 0.3, -1.9], "size": [4, 3, 4], "uv": [72, 86], "inflate": 0.5, "mirror": false},
					{"origin": [0, 4.9, -2.5], "size": [4, 3, 5], "uv": [59, 78], "inflate": -0.1, "mirror": false},
					{"origin": [0, 4.9, -3.3], "size": [4, 3, 5], "uv": [77, 6], "inflate": -0.6, "mirror": false},
					{"origin": [0, 4.9, -3.8], "size": [4, 3, 5], "uv": [13, 77], "inflate": -0.9, "mirror": false},
					{"origin": [0.5, 10.4, -2], "size": [4, 1, 4], "uv": [91, 82], "inflate": 0.4, "mirror": false},
					{"origin": [0.4, 8.4, -2], "size": [4, 1, 4], "uv": [45, 31], "inflate": 0.4, "mirror": false}
				]
			}
		]
	},
	"geometry.player.armorchain1:geometry.player.armorchain.base": {
		"bones": [
			{
				"name": "head",
				"inflate": 0
			},
			{
				"name": "hat",
				"inflate": 0,
				"neverRender": false
			},
			{
				"name": "body",
				"inflate": 0
			},
			{
				"name": "rightArm",
				"inflate": 0
			},
			{
				"name": "leftArm",
				"inflate": 0
			},
			{
				"name": "rightLeg",
				"inflate": 0.5
			},
			{
				"name": "leftLeg",
				"inflate": 0.5
			}
		]
	},
	"geometry.player.armorchain.helmet:geometry.player.armorchain1": {
		"bones": [
			{
				"name": "body",
				"reset": true
			},
			{
				"name": "rightArm",
				"reset": true
			},
			{
				"name": "leftArm",
				"reset": true
			},
			{
				"name": "rightLeg",
				"reset": true
			},
			{
				"name": "leftLeg",
				"reset": true
			}
		]
	},
	"geometry.player.armorchain.chestplate:geometry.player.armorchain1": {
		"bones": [
			{
				"name": "head",
				"reset": true
			},
			{
				"name": "hat",
				"reset": true
			},
			{
				"name": "rightLeg",
				"reset": true
			},
			{
				"name": "leftLeg",
				"reset": true
			}
		]
	},
	"geometry.player.armorchain.boots:geometry.player.armorchain1": {
		"bones": [
			{
				"name": "head",
				"reset": true
			},
			{
				"name": "hat",
				"reset": true
			},
			{
				"name": "body",
				"reset": true
			},
			{
				"name": "rightArm",
				"reset": true
			},
			{
				"name": "leftArm",
				"reset": true
			}
		]
	},
	"geometry.player.armorchain2:geometry.player.armorchain.base": {
		"bones": [
			{
				"name": "head",
				"inflate": 0
			},
			{
				"name": "body",
				"inflate": 0
			},
			{
				"name": "rightArm",
				"inflate": 0
			},
			{
				"name": "leftArm",
				"inflate": 0
			},
			{
				"name": "rightLeg",
				"inflate": 0
			},
			{
				"name": "leftLeg",
				"inflate": 0
			}
		]
	},
	"geometry.player.armorchain.leggings:geometry.player.armorchain2": {
		"bones": [
			{
				"name": "head",
				"reset": true
			},
			{
				"name": "body",
				"reset": true
			},
			{
				"name": "hat",
				"reset": true
			},
			{
				"name": "rightArm",
				"reset": true
			},
			{
				"name": "leftArm",
				"reset": true
			}
		]
	}
}