{
    "format_version": "1.10",
    "minecraft:item": {
        "description": {
            "identifier": "ck:dragon_cooked_meat"
        },
        "components": {
            "minecraft:use_duration": 32,
            "minecraft:max_stack_size": 15,
            "minecraft:hand_equipped": false,
            "minecraft:food": {
                "nutrition": 10,
                "saturation_modifier": "max"
            },
            "effects": [
                { 
                    "name": "regeneration",
                    "chance": 1.0,
                    "duration": 30,
                    "amplifier": 4
                }
            ]
        }
    }
}