{
  "format_version": "1.12",
  "minecraft:recipe_shaped": {
    "description": {
    "identifier": "ar:dragon_wing"
    },

    
    "tags": [ "crafting_table" ],
    "pattern": [
      "IDI",
      "NEN",
      "NMN"
    ],
    "key": {
      "I": {
        "item": "minecraft:iron_ingot"
      },
      "E": {
        "item": "minecraft:elytra"
      },
      "N": {
        "item": "minecraft:netherite_ingot"
      },
      "M": {
        "item": "minecraft:phantom_membrane"
      },
      "D": {
        "item": "minecraft:dragon_breath"
      }
    },
    "result": {
      "item": "ar:dragon_wing"
    }
  }
}
