{
    "ck:poisoned_dirt": {
        "textures": "poisoned_dirt",
        "sound": "dirt"
    },
    "ck:fire_dracolyte_ore": {
        "textures": "fire_dracolyte_ore",
        "sound": "stone"
    },
    "ck:ice_dracolyte_ore": {
        "textures": "ice_dracolyte_ore",
        "sound": "stone"
    },
    "ck:poison_dracolyte_ore": {
        "textures": "poison_dracolyte_ore",
        "sound": "stone"
    },
    "ck:stone_scorched": {
        "textures": "stone_scorched",
        "sound": "stone"
    },
    "ck:flamerack": {
        "textures": "flamerack",
        "sound": "stone"
    },
    "ck:flamesoil": {
        "textures": "flamesoil",
        "sound": "gravel"
    },
    "ck:flamestone": {
        "textures": "flamestone",
        "sound": "stone"
    },
    "ck:volcanic_block": {
        "textures": "volcanic_block",
        "sound": "stone"
    },
    "ck:f_planks": {
        "textures": "f_planks",
        "sound": "wood"
    },
    "ck:f_logs": {
        "textures": "f_logs",
        "sound": "wood"
    },
    "ck:f_leaves": {
        "textures": "f_leaves",
        "sound": "grass"
    },
    "ck:frostrack": {
        "textures": "frostrack",
        "sound": "stone"
    },
    "ck:frostsoil": {
        "textures": "frostsoil",
        "sound": "gravel"
    },
    "ck:froststone": {
        "textures": "froststone",
        "sound": "stone"
    },
    "ck:curved_froststone": {
        "textures": "curved_froststone",
        "sound": "stone"
    },
    "ck:i_planks": {
        "textures": "i_planks",
        "sound": "wood"
    },
    "ck:i_logs": {
        "textures": "i_logs",
        "sound": "wood"
    },
    "ck:i_leaves": {
        "textures": "i_leaves",
        "sound": "grass"
    },
    "ck:venomrack": {
        "textures": "venomrack",
        "sound": "stone"
    },
    "ck:venomsoil": {
        "textures": "venomsoil",
        "sound": "gravel"
    },
    "ck:venomstone": {
        "textures": "venomstone",
        "sound": "stone"
    },
    "ck:nested_rack": {
        "textures": "nested_rack",
        "sound": "stone"
    },
    "ck:p_planks": {
        "textures": "p_planks",
        "sound": "wood"
    },
    "ck:p_logs": {
        "textures": "p_logs",
        "sound": "wood"
    },
    "ck:p_leaves": {
        "textures": "p_leaves",
        "sound": "grass"
    },
    "ck:nested_rack_s": {
        "textures": "nested_rack",
        "sound": "stone"
    },
    "ck:curved_froststone_s": {
        "textures": "curved_froststone",
        "sound": "stone"
    },
    "ck:volcanic_block_s": {
        "textures": "volcanic_block",
        "sound": "stone"
    },
    "ck:dragon_nest": {
        "textures": "dragon_nest",
        "sound": "stone"
    },
    "ck:fossil_block_d": {
        "textures": "fossil_block",
        "sound": "stone"
    },
    "ck:fossil_block_w": {
        "textures": "fossil_block",
        "sound": "stone"
    }
}