{
   "content" : [
      {
         "path" : "contents.json"
      },
      {
         "path" : "ui/hud_screen.json"
      },
      {
         "path" : "blocks.json"
      },
      {
         "path" : "biomes_client.json"
      },
      {
         "path" : "attachables/orc_pickaxe.json"
      },
      {
         "path" : "attachables/i_wyvern_armor.json"
      },
      {
         "path" : "attachables/orc_axe.json"
      },
      {
         "path" : "attachables/chainmail_helmet.player.json"
      },
      {
         "path" : "attachables/chainmail_boots.player.json"
      },
      {
         "path" : "attachables/p_dragon_armor.json"
      },
      {
         "path" : "attachables/f_dragon_armor.json"
      },
      {
         "path" : "attachables/p_wyvern_armor.json"
      },
      {
         "path" : "items/wings/pegasus_black_wings.json"
      },
      {
         "path" : "items/wings/wing_remover.json"
      },
      {
         "path" : "items/angler_fish/raw_angler_fish.json"
      },
      {
         "path" : "items/dragon/armors/fire_dragon_armor.json"
      },
      {
         "path" : "items/dragon/dragon_scale.json"
      },
      {
         "path" : "items/dragon/dragon_raw_meat.json"
      },
      {
         "path" : "items/dragon/dragon_fang.json"
      },
      {
         "path" : "attachables/chainmail_chestplate.player.json"
      },
      {
         "path" : "items/dragon/dragon_cooked_meat.json"
      },
      {
         "path" : "items/dragon/dragon_claw.json"
      },
      {
         "path" : "items/dragon/dragon_bone.json"
      },
      {
         "path" : "items/wyvern/armors/fire_wyvern_armor.json"
      },
      {
         "path" : "items/wyvern/armors/poison_wyvern_armor.json"
      },
      {
         "path" : "items/wyvern/wyvern_raw_meat.json"
      },
      {
         "path" : "items/wyvern/wyvern_cooked_meat.json"
      },
      {
         "path" : "items/wyvern/wyvern_claw.json"
      },
      {
         "path" : "items/wyvern/wyvern_bone.json"
      },
      {
         "path" : "items/dragon/armors/poison_dragon_armor.json"
      },
      {
         "path" : "items/dragon/armors/ice_dragon_armor.json"
      },
      {
         "path" : "items/materials/paper_plaque.json"
      },
      {
         "path" : "items/materials/poison_ingot.json"
      },
      {
         "path" : "items/materials/poison_dracolyte.json"
      },
      {
         "path" : "items/materials/fire_ingot.json"
      },
      {
         "path" : "items/materials/fire_dracolyte.json"
      },
      {
         "path" : "items/draxe.json"
      },
      {
         "path" : "items/swords/sword_9.json"
      },
      {
         "path" : "items/swords/sword_8.json"
      },
      {
         "path" : "items/swords/sword_6.json"
      },
      {
         "path" : "items/swords/sword_5.json"
      },
      {
         "path" : "items/swords/sword_4.json"
      },
      {
         "path" : "items/swords/sword_3.json"
      },
      {
         "path" : "items/swords/sword_2.json"
      },
      {
         "path" : "items/swords/sword_1.json"
      },
      {
         "path" : "items/swords/orc_sword.json"
      },
      {
         "path" : "items/swords/orc_sword_1.json"
      },
      {
         "path" : "items/ice_dracolyte_crystal.json"
      },
      {
         "path" : "items/fire_dracolyte_crystal.json"
      },
      {
         "path" : "items/terronit.json"
      },
      {
         "path" : "items/cyrilite.json"
      },
      {
         "path" : "items/igniside.json"
      },
      {
         "path" : "items/serpent/serpent_raw_meat.json"
      },
      {
         "path" : "items/patterns/sword_11_pattern.json"
      },
      {
         "path" : "items/patterns/sword_10_pattern.json"
      },
      {
         "path" : "items/swords/sword_10.json"
      },
      {
         "path" : "items/patterns/sword_9_pattern.json"
      },
      {
         "path" : "items/patterns/sword_8_pattern.json"
      },
      {
         "path" : "items/patterns/sword_7_pattern.json"
      },
      {
         "path" : "items/patterns/sword_4_pattern.json"
      },
      {
         "path" : "items/patterns/sword_3_pattern.json"
      },
      {
         "path" : "items/patterns/sword_2_pattern.json"
      },
      {
         "path" : "items/wyvern/wyvern_fang.json"
      },
      {
         "path" : "sounds.json"
      },
      {
         "path" : "textures/particle/red_particle.png"
      },
      {
         "path" : "textures/particle/green_particle.png"
      },
      {
         "path" : "items/patterns/sword_6_pattern.json"
      },
      {
         "path" : "textures/blocks/poison_biome_blocks/p_logs.png"
      },
      {
         "path" : "textures/blocks/poison_biome_blocks/venomrack.png"
      },
      {
         "path" : "textures/blocks/poison_biome_blocks/venomstone.png"
      },
      {
         "path" : "textures/blocks/poison_biome_blocks/poison_dracolyte_ore_anim.png"
      },
      {
         "path" : "textures/blocks/poison_biome_blocks/nested_rack.png"
      },
      {
         "path" : "items/wyvern/armors/ice_wyvern_armor.json"
      },
      {
         "path" : "textures/blocks/poison_biome_blocks/nested_rack_anim.png"
      },
      {
         "path" : "textures/blocks/ice_biome_blocks/i_leaves.png"
      },
      {
         "path" : "textures/blocks/ice_biome_blocks/i_logs.png"
      },
      {
         "path" : "textures/blocks/ice_biome_blocks/frostsoil.png"
      },
      {
         "path" : "textures/blocks/ice_biome_blocks/i_planks.png"
      },
      {
         "path" : "textures/blocks/ice_biome_blocks/curved_froststone.png"
      },
      {
         "path" : "textures/blocks/ice_biome_blocks/curved_froststone_anim.png"
      },
      {
         "path" : "textures/terrain_texture.json"
      },
      {
         "path" : "textures/blocks/ice_biome_blocks/froststone.png"
      },
      {
         "path" : "textures/blocks/fire_biome_blocks/fire_dracolyte_ore_anim.png"
      },
      {
         "path" : "textures/blocks/fire_biome_blocks/volcanic_block_anim.png"
      },
      {
         "path" : "textures/blocks/fire_biome_blocks/f_leaves.png"
      },
      {
         "path" : "attachables/chainmail_leggings.player.json"
      },
      {
         "path" : "textures/blocks/fire_biome_blocks/f_logs.png"
      },
      {
         "path" : "textures/blocks/fire_biome_blocks/volcanic_block.png"
      },
      {
         "path" : "items/wings/pegasus_red_wings.json"
      },
      {
         "path" : "textures/blocks/fire_biome_blocks/stone_scorched.png"
      },
      {
         "path" : "items/patterns/wyvern_armor_pattern.json"
      },
      {
         "path" : "textures/blocks/fire_biome_blocks/flamestone.png"
      },
      {
         "path" : "textures/blocks/fire_biome_blocks/flamerack.png"
      },
      {
         "path" : "textures/blocks/fire_biome_blocks/f_planks.png"
      },
      {
         "path" : "textures/blocks/dragon_nest_anim.png"
      },
      {
         "path" : "textures/flipbook_textures.json"
      },
      {
         "path" : "textures/models/armor/ice_1.png"
      },
      {
         "path" : "textures/particle/blue_particle.png"
      },
      {
         "path" : "textures/blocks/fire_biome_blocks/fire_dracolyte_ore.png"
      },
      {
         "path" : "textures/models/armor/default_2.png"
      },
      {
         "path" : "textures/models/armor/fire_1.png"
      },
      {
         "path" : "textures/entity/black_dragon/armor/dragon_armor_blue.png"
      },
      {
         "path" : "entity/black_dragon/black_dragon_baby.entity.json"
      },
      {
         "path" : "textures/entity/black_dragon/dragon_egg.png"
      },
      {
         "path" : "textures/blocks/poison_biome_blocks/poison_dracolyte_ore.png"
      },
      {
         "path" : "sounds/mob/orc/idle_3.fsb"
      },
      {
         "path" : "items/patterns/sword_12_pattern.json"
      },
      {
         "path" : "textures/items/swords/ice_sword_2.png"
      },
      {
         "path" : "textures/items/dragon_bone.png"
      },
      {
         "path" : "sounds/mob/orc/roar_1.fsb"
      },
      {
         "path" : "sounds/mob/orc/roar.fsb"
      },
      {
         "path" : "textures/entity/angler_fish.png"
      },
      {
         "path" : "entity/wyvern/wyvern_untamed.entity.json"
      },
      {
         "path" : "sounds/mob/orc/idle_4.fsb"
      },
      {
         "path" : "entity/wyvern/wyvern_baby.entity.json"
      },
      {
         "path" : "textures/items/fire_dracolyte.png"
      },
      {
         "path" : "textures/items/wings/pegasus_black_wings.png"
      },
      {
         "path" : "sounds/mob/wyvern/adult_growl/growl2.fsb"
      },
      {
         "path" : "textures/items/swords/serpent_sword.png"
      },
      {
         "path" : "textures/entity/black_dragon/black_dragon.png"
      },
      {
         "path" : "items/dracolyte_forge_item.json"
      },
      {
         "path" : "entity/pegasus.entity.json"
      },
      {
         "path" : "items/swords/sword_7.json"
      },
      {
         "path" : "sounds/mob/wyvern/roar/roar2.fsb"
      },
      {
         "path" : "items/poison_dracolyte_crystal.json"
      },
      {
         "path" : "textures/entity/wyvern/wyvern_egg_poison.png"
      },
      {
         "path" : "sounds/mob/wyvern/roar/roar1.fsb"
      },
      {
         "path" : "render_controllers/wings.render_controller.json"
      },
      {
         "path" : "textures/entity/black_dragon/var3_dragon.png"
      },
      {
         "path" : "render_controllers/wyvern.render.controller.json"
      },
      {
         "path" : "sounds/mob/orc/idle_1.fsb"
      },
      {
         "path" : "textures/entity/black_dragon/armor/dragon_armor_green.png"
      },
      {
         "path" : "particles/dracolyte_forge_particles/dracolyte_pipe.json"
      },
      {
         "path" : "attachables/i_dragon_armor.json"
      },
      {
         "path" : "particles/swords/poison_sword_emitter.json"
      },
      {
         "path" : "textures/entity/black_dragon/var1_dragon.png"
      },
      {
         "path" : ".zip"
      },
      {
         "path" : "textures/blocks/fossil_block.png"
      },
      {
         "path" : "particles/dracolyte_forge_particles/dracolyte_lava.json"
      },
      {
         "path" : "animation_controllers/angler_fish.animation_controllers.json"
      },
      {
         "path" : "particles/dragon_breath/ice_breath.json"
      },
      {
         "path" : "textures/items/swords/dragon_sword_1.png"
      },
      {
         "path" : "sounds/mob/orc/hurt_1.fsb"
      },
      {
         "path" : "sounds/mob/orc/idle_2.fsb"
      },
      {
         "path" : "render_controllers/light_post.render_controller.json"
      },
      {
         "path" : "models/entity/wings.geo.json"
      },
      {
         "path" : "textures/items/red_dragon_armor.png"
      },
      {
         "path" : "textures/items/spawn_eggs/poison_wyvern_egg.png"
      },
      {
         "path" : "textures/items/pegasus_feather.png"
      },
      {
         "path" : "render_controllers/black_dragon.render_controller.json"
      },
      {
         "path" : "models/entity/pegasus.geo.json"
      },
      {
         "path" : "entity/black_dragon/dragon_untamed.entity.json"
      },
      {
         "path" : "particles/dragon_breath/fire_breath.json"
      },
      {
         "path" : "textures/entity/orc/orc.png"
      },
      {
         "path" : "items/pegasus_feather.json"
      },
      {
         "path" : "animations/player.fly.animation.json"
      },
      {
         "path" : "textures/blocks/dragon_nest.png"
      },
      {
         "path" : "textures/models/armor/poison_2.png"
      },
      {
         "path" : "pack_icon.png"
      },
      {
         "path" : "ui/_global_variables.json"
      },
      {
         "path" : "animations/dracolyte_forge.animation.json"
      },
      {
         "path" : "entity/black_dragon/black_dragon_egg.entity.json"
      },
      {
         "path" : "textures/entity/wyvern/wyvern_egg_ice.png"
      },
      {
         "path" : "textures/item_texture.json"
      },
      {
         "path" : "animation_controllers/wyvern.animation_controllers.json"
      },
      {
         "path" : "items/materials/print_catridge.json"
      },
      {
         "path" : "items/materials/ice_ingot.json"
      },
      {
         "path" : "animations/angler_fish.animation.json"
      },
      {
         "path" : "textures/items/swords/ice_dagger.png"
      },
      {
         "path" : "particles/dragon_breath/poison_breath.json"
      },
      {
         "path" : "animations/wyvern.animation.json"
      },
      {
         "path" : "textures/items/pattern.png"
      },
      {
         "path" : "textures/items/wings/pegasus_white_wings.png"
      },
      {
         "path" : "textures/models/armor/ice_2.png"
      },
      {
         "path" : "animation_controllers/player.animation_controllers.json"
      },
      {
         "path" : "textures/blocks/poison_biome_blocks/p_leaves.png"
      },
      {
         "path" : "entity/orc.entity.json"
      },
      {
         "path" : "render_controllers/armorer.render_controllers.json"
      },
      {
         "path" : "particles/swords/fire_sword_particle.json"
      },
      {
         "path" : "items/dragon_saddle.json"
      },
      {
         "path" : "animations/orc.animation.json"
      },
      {
         "path" : "textures/items/raw_angler_fish.png"
      },
      {
         "path" : "animations/pegasus.animation.json"
      },
      {
         "path" : "textures/entity/wyvern/wyvern_green.png"
      },
      {
         "path" : "animation_controllers/black_dragon.animation_controllers.json"
      },
      {
         "path" : "sounds/mob/serpent/serpent_idle_growl_1.fsb"
      },
      {
         "path" : "textures/items/print_catridge.png"
      },
      {
         "path" : "sounds/sound_definitions.json"
      },
      {
         "path" : "textures/items/red_wyvern_armor.png"
      },
      {
         "path" : "particles/swords/ice_sword_particle.json"
      },
      {
         "path" : "entity/wyvern/fire_wyvern_egg.entity.json"
      },
      {
         "path" : "items/swords/orc_sword_2.json"
      },
      {
         "path" : "render_controllers/orc.render_controller.json"
      },
      {
         "path" : "textures/items/wyvern_fang.png"
      },
      {
         "path" : "entity/dracolyte_forge.entity.json"
      },
      {
         "path" : "textures/particle/breath.png"
      },
      {
         "path" : "particles/swords/poison_sword_particle.json"
      },
      {
         "path" : "textures/entity/black_dragon/var2_dragon.png"
      },
      {
         "path" : "entity/sea_serpent.entity.json"
      },
      {
         "path" : "textures/items/dragon_raw_meat.png"
      },
      {
         "path" : "entity/black_dragon/dragon_tamed_female.entity.json"
      },
      {
         "path" : "items/wings/pegasus_white_wings.json"
      },
      {
         "path" : "textures/blocks/poison_biome_blocks/p_planks.png"
      },
      {
         "path" : "textures/items/swords/fire_dagger.png"
      },
      {
         "path" : "entity/drag.entity.json"
      },
      {
         "path" : "items/serpent/serpent_scale.json"
      },
      {
         "path" : "animation_controllers/orc.animation_controllers.json"
      },
      {
         "path" : "animation_controllers/sea_serpent.animation_controllers.json"
      },
      {
         "path" : "particles/dragon_breath/dragon_breath.json"
      },
      {
         "path" : "items/serpent/serpent_cooked_meat.json"
      },
      {
         "path" : "animation_controllers/pegasus.animation_controllers.json"
      },
      {
         "path" : "items/swords/sword_12.json"
      },
      {
         "path" : "textures/entity/wyvern/armor/blue_wyvern_armor.png"
      },
      {
         "path" : "models/entity/wyvern.geo.json"
      },
      {
         "path" : "manifest.json"
      },
      {
         "path" : "texts/en_US.lang"
      },
      {
         "path" : "items/patterns/sword_1_pattern.json"
      },
      {
         "path" : "render_controllers/angler_fish.render_controllers.json"
      },
      {
         "path" : "textures/blocks/fire_biome_blocks/flamesoil.png"
      },
      {
         "path" : "textures/items/spawn_eggs/ice_wyvern_egg.png"
      },
      {
         "path" : "textures/items/chainmail_boots.png"
      },
      {
         "path" : "render_controllers/gender.render_controller.json"
      },
      {
         "path" : "textures/entity/sea_serpent.png"
      },
      {
         "path" : "textures/entity/black_dragon/armor/dragon_saddle.png"
      },
      {
         "path" : "textures/particle/breath_fire.png"
      },
      {
         "path" : "textures/blocks/ice_biome_blocks/ice_dracolyte_ore_anim.png"
      },
      {
         "path" : "sounds/mob/serpent/serpent_idle_growl_2.fsb"
      },
      {
         "path" : "entity/wyvern/ice_wyvern_egg.entity.json"
      },
      {
         "path" : "textures/blocks/poison_biome_blocks/venomsoil.png"
      },
      {
         "path" : "models/entity/gender.geo.json"
      },
      {
         "path" : "entity/wyvern/poison_wyvern_egg.entity.json"
      },
      {
         "path" : "textures/textures_list.json"
      },
      {
         "path" : "entity/angler_fish.entity.json"
      },
      {
         "path" : "particles/swords/ice_sword_emitter.json"
      },
      {
         "path" : "models/entity/orc.geo.json"
      },
      {
         "path" : "textures/items/serpent_cooked_meat.png"
      },
      {
         "path" : "entity/wyvern/wyvern_tamed_male.entity.json"
      },
      {
         "path" : "models/entity/angler_fish.geo.json"
      },
      {
         "path" : "models/entity/dracolyte_forge.geo.json"
      },
      {
         "path" : "items/materials/ice_dracolyte.json"
      },
      {
         "path" : "models/entity/player_armor.geo.json"
      },
      {
         "path" : "textures/entity/wyvern/wyvern_blue.png"
      },
      {
         "path" : "textures/items/blue_wyvern_armor.png"
      },
      {
         "path" : "textures/entity/female.png"
      },
      {
         "path" : "items/serpent/serpent_fang.json"
      },
      {
         "path" : "textures/entity/wyvern/wyvern_red.png"
      },
      {
         "path" : "textures/items/swords/serpent_sword_1.png"
      },
      {
         "path" : "textures/entity/wyvern/wyvern_saddle.png"
      },
      {
         "path" : "textures/entity/wyvern/wyvern_egg_fire.png"
      },
      {
         "path" : "animations/sea_serpent.animation.json"
      },
      {
         "path" : "textures/entity/wyvern/armor/green_wyvern_armor.png"
      },
      {
         "path" : "textures/entity/wyvern/armor/red_wyvern_armor.png"
      },
      {
         "path" : "attachables/f_wyvern_armor.json"
      },
      {
         "path" : "sounds/mob/orc/hurt_2.fsb"
      },
      {
         "path" : "entity/black_dragon/dragon_tamed_male.entity.json"
      },
      {
         "path" : "textures/entity/dracolyte_forge.png"
      },
      {
         "path" : "textures/entity/male.png"
      },
      {
         "path" : "items/patterns/dragon_armor_pattern.json"
      },
      {
         "path" : "textures/blocks/ice_biome_blocks/frostrack.png"
      },
      {
         "path" : "textures/items/swords/poison_sword_1.png"
      },
      {
         "path" : "textures/entity/black_dragon/armor/dragon_armor_red.png"
      },
      {
         "path" : "animation_controllers/humanoid.animation_controllers.json"
      },
      {
         "path" : "textures/entity/pegasus.png"
      },
      {
         "path" : "textures/entity/orc/orc_armor.png"
      },
      {
         "path" : "textures/entity/orc/orc_sword.png"
      },
      {
         "path" : "textures/items/swords/dragon_sword_2.png"
      },
      {
         "path" : "textures/ui/empty_progress_bar.png"
      },
      {
         "path" : "textures/items/paper_plaque.png"
      },
      {
         "path" : "textures/items/swords/orc_sword_2.png"
      },
      {
         "path" : "textures/ui/filled_progress_bar.png"
      },
      {
         "path" : "textures/items/swords/ice_sword_1.png"
      },
      {
         "path" : "textures/items/spawn_eggs/fire_wyvern_egg.png"
      },
      {
         "path" : "textures/items/spawn_eggs/black_dragon_egg.png"
      },
      {
         "path" : "textures/models/armor/fire_2.png"
      },
      {
         "path" : "textures/items/spawn_eggs/serpent_egg.png"
      },
      {
         "path" : "textures/items/dragon_scale.png"
      },
      {
         "path" : "textures/items/axe/draxe.png"
      },
      {
         "path" : "textures/items/dragon_claw.png"
      },
      {
         "path" : "textures/items/dracolyte_forge_item.png"
      },
      {
         "path" : "items/swords/sword_11.json"
      },
      {
         "path" : "textures/blocks/ice_biome_blocks/ice_dracolyte_ore.png"
      },
      {
         "path" : "textures/items/ice_dracolyte_crystal.png"
      },
      {
         "path" : "textures/items/serpent_scale.png"
      },
      {
         "path" : "items/patterns/sword_5_pattern.json"
      },
      {
         "path" : "textures/items/serpent_raw_meat.png"
      },
      {
         "path" : "textures/items/dragon_fang.png"
      },
      {
         "path" : "textures/items/cyrilite.png"
      },
      {
         "path" : "textures/items/swords/ice_sword_3.png"
      },
      {
         "path" : "textures/items/ice_ingot.png"
      },
      {
         "path" : "textures/entity/orc/orc_pickaxe.png"
      },
      {
         "path" : "textures/items/swords/fire_sword_1.png"
      },
      {
         "path" : "textures/items/green_dragon_armor.png"
      },
      {
         "path" : "textures/items/swords/orc_sword_1.png"
      },
      {
         "path" : "render_controllers/pegasus.render_controller.json"
      },
      {
         "path" : "textures/items/swords/dragon_sword.png"
      },
      {
         "path" : "textures/items/swords/orc_sword.png"
      },
      {
         "path" : "textures/items/swords/fire_sword_2.png"
      },
      {
         "path" : "textures/items/spawn_eggs/angler_fish_egg.png"
      },
      {
         "path" : "textures/items/swords/fire_sword_3.png"
      },
      {
         "path" : "textures/items/swords/poison_dagger.png"
      },
      {
         "path" : "textures/items/swords/poison_sword_2.png"
      },
      {
         "path" : "textures/items/swords/serpent_sword_2.png"
      },
      {
         "path" : "sounds/mob/wyvern/adult_growl/growl1.fsb"
      },
      {
         "path" : "textures/items/chainmail_helmet.png"
      },
      {
         "path" : "attachables/orc_sword.json"
      },
      {
         "path" : "textures/items/dragon_cooked_meat.png"
      },
      {
         "path" : "textures/particle/breath_ice.png"
      },
      {
         "path" : "textures/items/wyvern_bone.png"
      },
      {
         "path" : "textures/items/wings/pegasus_red_wings.png"
      },
      {
         "path" : "textures/items/dragon_saddle.png"
      },
      {
         "path" : "textures/items/fire_ingot.png"
      },
      {
         "path" : "textures/items/cooked_angler_fish.png"
      },
      {
         "path" : "textures/items/poison_ingot.png"
      },
      {
         "path" : "textures/items/poison_dracolyte.png"
      },
      {
         "path" : "animations/Dragon.animation.json"
      },
      {
         "path" : "textures/items/ice_dracolyte.png"
      },
      {
         "path" : "textures/items/green_wyvern_armor.png"
      },
      {
         "path" : "LICENSE.txt"
      },
      {
         "path" : "entity/wyvern/wyvern_tamed_female.entity.json"
      },
      {
         "path" : "particles/swords/fire_sword_emitter.json"
      },
      {
         "path" : "textures/items/swords/poison_sword_3.png"
      },
      {
         "path" : "textures/items/blue_dragon_armor.png"
      },
      {
         "path" : "items/angler_fish/cooked_angler_fish.json"
      },
      {
         "path" : "textures/items/terronit.png"
      },
      {
         "path" : "textures/items/serpent_fang.png"
      },
      {
         "path" : "items/wing_orb.json"
      },
      {
         "path" : "entity/player.entity.json"
      },
      {
         "path" : "models/entity/sea_serpent.geo.json"
      },
      {
         "path" : "textures/items/wyvern_claw.png"
      },
      {
         "path" : "textures/items/wyvern_raw_meat.png"
      },
      {
         "path" : "textures/items/wyvern_cooked_meat.png"
      },
      {
         "path" : "textures/items/igniside.png"
      },
      {
         "path" : "textures/items/poison_dracolyte_crystal.png"
      },
      {
         "path" : "textures/items/fire_dracolyte_crystal.png"
      },
      {
         "path" : "models/entity/dragon.geo.json"
      },
      {
         "path" : "textures/items/wing_orb.png"
      },
      {
         "path" : "textures/items/chainmail_chestplate.png"
      },
      {
         "path" : "textures/items/chainmail_leggings.png"
      },
      {
         "path" : "textures/items/wings/wing_remover.png"
      },
      {
         "path" : "textures/models/armor/poison_1.png"
      },
      {
         "path" : "textures/models/armor/default_1.png"
      }
   ],
   "version" : 1
}
