{
    "entity_sounds": {
        "entities": {
            "ck:dragon_tamed_male": {
                "volume": 60.0,
                "pitch": [ 0.8, 1.2 ],
                "events": {
                    "hurt": "mob.dragonone.hit",
                    "step": {
                        "sound": "mob.cow.step",
                        "volume": 1.30,
                        "pitch": 1.0
                    }
                }
            },
            "ck:dragon_tamed_female": {
                "volume": 60.0,
                "pitch": [ 0.8, 1.2 ],
                "events": {
                    "hurt": "mob.dragonone.hit",
                    "step": {
                        "sound": "mob.cow.step",
                        "volume": 1.30,
                        "pitch": 1.0
                    }
                }
            },
            "ck:orc": {
                "volume": 60.0,
                "pitch": [ 0.8, 1.2 ],
                "events": {
                    "hurt": "mob.orc.hurt",
                    "ambient": "mob.orc.idle"
                }
            },
      "ck:pegasus": {
        "volume": 0.8,
        "pitch": [ 0.8, 1.2 ],
        "events": {
          "ambient": "mob.horse.idle",
          "death": "mob.horse.death",
          "hurt": "mob.horse.hit",
          "mad": "mob.horse.angry",
          "saddle": {
            "sound": "mob.horse.leather",
            "volume": 0.5,
            "pitch": 1.0
          },
          "armor": {
            "sound": "mob.horse.armor",
            "volume": 0.5,
            "pitch": 1.0
          },
          "add.chest": {
            "sound": "mob.horse.armor",
            "volume": 1.0,
            "pitch": [ 0.8, 1.2 ]
          },
          "breathe": {
            "sound": "mob.horse.breathe",
            "volume": 0.6,
            "pitch": 1.0
          },
          "jump": {
            "sound": "mob.horse.jump",
            "volume": 0.4,
            "pitch": 1.0
          },
          "land": {
            "sound": "mob.horse.land",
            "volume": 0.4,
            "pitch": 1.0
          },
          "eat": {
            "sound": "mob.horse.eat",
            "volume": [ 0.5, 1.5 ],
            "pitch": [ 0.8, 1.2 ]
          }
        }
      }
        }
    }
}