{
    "format_version": "1.10",
    "minecraft:item": {
        "description": {
            "identifier": "ck:cooked_angler_fish"
        },
        "components": {
            "minecraft:use_duration": 32,
            "minecraft:max_stack_size": 8,
            "minecraft:hand_equipped": false,
            "minecraft:food": {
                "nutrition": 4,
                "saturation_modifier": "max"
            },
            "effects": [
                { 
                    "name": "regeneration",
                    "chance": 0.6,
                    "duration": 30,
                    "amplifier": 4
                },
                { 
                    "name": "water_breathing",
                    "chance": 1.0,
                    "duration": 40,
                    "amplifier": 2
                }
            ]
        }
    }
}