{
  "format_version": "1.10.0",
  "minecraft:client_entity": {
    "description": {
      "identifier": "ck:angler_fish",
      "materials": { 
          "default": "zombie",
          "light": "phantom"
      },
      "textures": {
        "default": "textures/entity/angler_fish"
      },
      "geometry": {
        "default": "geometry.angler_fish"
      },
      "spawn_egg": {
        "texture": "angler_fish_egg"
      },
      "scripts": {
        "pre_animation": [
            "variable.angler_fish = Math.sin(-query.target_x_rotation) * 35 - math.sin(query.life_time * 76.8) * 2.865 - this;",
          "variable.tail_animation_speed = query.life_time < 0.1 ? 0.0 : (!query.is_in_water ? 2.0 : query.is_moving ? (variable.tail_animation_speed < 0.5 ? 4.0 : variable.tail_animation_speed + (0.5 - variable.tail_animation_speed) * 0.1) : variable.tail_animation_speed + (0.125 - variable.tail_animation_speed) * 0.2);",
          "variable.tail_swim = query.life_time < 0.1 ? 0.0 : (variable.tail_swim + variable.tail_animation_speed);",
          "variable.tail_base_angle = Math.sin(variable.tail_swim*20.0);",
          "variable.at = variable.attack_time;"
        ],
        "animate":[
            "move"
            ]
      },
      "animations": {
        "swim": "animation.angler_fish.swim",
        "attack": "animation.angler_fish.attack",
        "move": "controller.animation.angler_attack"
      },
      "render_controllers": [ "controller.render.angler_fish" ]
    }
  }
}