{
  "format_version": "1.10.0",
  "minecraft:client_entity": {
    "description": {
      "identifier": "ck:dracolyte_forge",
      "spawn_egg": {
        "texture": "dracolyte_forge_item"
      },
      "materials": { "default": "skeleton" },
      "textures": {
        "default": "textures/entity/dracolyte_forge"
      },
      "geometry": {
        "default": "geometry.dracolyte_forge"
      },
      "render_controllers": [ "controller.render.default" ],
      "particle_effects": {
          "smoke": "ck:dracolyte_pipe",
          "lava": "ck:dracolyte_lava"
      },
      "scripts": {
        "animate":[
            "sm",
            {"d_remove": "query.is_baby"}
        ]
      },
      "animations": {
        "sm": "animation.dracolyte_smoke",
        "d_remove": "animation.dracolyte_forge.remove"
      }
    }
  }
}