{
  "format_version": "1.10.0",
  "minecraft:client_entity": {
    "description": {
      "identifier": "ck:orc",
      "enable_attachables": true,
      "materials": { "default": "phantom" },
      "textures": {
        "default": "textures/entity/orc/orc",
        "armor": "textures/entity/orc/orc_armor"
      },
      "geometry": {
        "default": "geometry.orc",
        "armor": "geometry.orc_armor"
      },
      
       "scripts": {
        "pre_animation": [
          "variable.tcos0 = (Math.cos(query.modified_distance_moved * 38.17) * query.modified_move_speed / variable.gliding_speed_value) * 57.3;",
          "variable.attack_body_rot_y = Math.sin(360*Math.sqrt(variable.attack_time)) * 5.0;",
          "variable.at = variable.attack_time;"
        ],
        "animate":[ 
            "general",
            {
                "scale_item": "query.get_equipped_item_name == 'orc_sword' || query.get_equipped_item_name == 'draxe' || query.get_equipped_item_name == 'diamond_pickaxe'"
                
            }
            ]
      },
      "animations": {
        "blink": "animation.orc.blink",
        "eat": "animation.orc.eat",
        "jaw_idle": "animation.orc.jaw_idle",
        "bob": "animation.orc.bob",
        "attack": "animation.orc.attack",
        "look_at_target": "animation.orc.look_at_target",
        "move": "animation.orc.move",
        "sit": "animation.orc.sit",
        "smash": "animation.orc.smash",
        "stuned": "animation.orc.stunned",
        "ride": "animation.orc.ride",
        "pickaxe": "animation.orc_pickaxe.swing",
        "scale_item": "animation.orc_scale",
        "general": "controller.animation.orc.general"
      },
      
      
      "render_controllers": 
      [ 
          "controller.render.orc" ,
          {"controller.render.orc_armor": "query.is_illager_captain"}
      ],
      "spawn_egg": {
        "base_color": "#634e2f",
        "overlay_color": "#d0b899"
      } 
    }
  }
}