{
  "format_version": "1.10.0",
  "minecraft:client_entity": {
    "description": {
      "identifier": "ck:pegasus",
      "materials": { "default": "skeleton" },
      "textures": {
        "default": "textures/entity/pegasus"
      },
      "geometry": {
        "default": "geometry.pegasus"
      },
      "spawn_egg": {
        "base_color": "#634e2f",
        "overlay_color": "#d0b899"
      },
      "render_controllers": [ "controller.render.pegasus" ],
      "animations": {
        "setup": "animation.pegasus.default",
        "look": "animation.pegasus.look_at_target",
        "walk": "animation.pegasus.walk",
        "blink": "animation.pegasus.blink",
        "fly": "animation.pegasus.fly",
        "wiggle_tail": "animation.pegasus.tail",
        "sit": "animation.pegasus.sit",
        "sleep": "animation.pegasus.sleep",
        "general": "controller.animation.pegasus.general"
      },
      "scripts": {
        "pre_animation": [
          "variable.tcos0 = (Math.cos(query.modified_distance_moved * 38.17) * query.modified_move_speed / variable.gliding_speed_value) * 57.3;",
          "variable.attack_body_rot_y = Math.sin(360*Math.sqrt(variable.attack_time)) * 5.0;",
          "variable.at = variable.attack_time;"
        ],
        "animate": [
          "general"
        ]
      }
    }
  }
}