{
  "tiers": [
    {
      "groups": [
        {
          "num_to_select": 5,
          "trades": [
            
            {
              "max_uses": 64,
              "wants": [
                {
                  "item": "minecraft:gold_ingot",
                  "quantity": 6
                }
              ],
              "gives": [
                {
                  "item": "minecraft:diamond",
                  "quantity": 1
                }
              ]
            },
            {
              "max_uses": 64,
              "wants": [
                {
                  "item": "minecraft:gold_ingot",
                  "quantity": 25
                }
              ],
              "gives": [
                {
                  "item": "ck:fire_dracolyte",
                  "quantity": 1
                }
              ]
            },
            {
              "max_uses": 64,
              "wants": [
                {
                  "item": "minecraft:gold_ingot",
                  "quantity": 25
                }
              ],
              "gives": [
                {
                  "item": "ck:ice_dracolyte",
                  "quantity": 1
                }
              ]
            },
            {
              "max_uses": 64,
              "wants": [
                {
                  "item": "minecraft:gold_ingot",
                  "quantity": 25
                }
              ],
              "gives": [
                {
                  "item": "ck:poison_dracolyte",
                  "quantity": 1
                }
              ]
            },
            {
              "max_uses": 64,
              "wants": [
                {
                  "item": "minecraft:gold_ingot",
                  "quantity": 20
                }
              ],
              "gives": [
                {
                  "item": "ck:dragon_scale",
                  "quantity": 1
                }
              ]
            },
            
            
            {
              "max_uses": 16,
              "wants": [
                {
                  "item": "minecraft:emerald",
                  "quantity": 6
                }
              ],
              "gives": [
                {
                  "item": "minecraft:turtle_shell_piece",
                  "quantity": 1
                }
              ]
            },
            {
              "max_uses": 16,
              "wants": [
                {
                  "item": "minecraft:diamond",
                  "quantity": 3
                }
              ],
              "gives": [
                {
                  "choice": [
                    {
                      "item": "minecraft:carrot"
                    },
                    {
                      "item": "minecraft:potato"
                    },
                    {
                      "item": "minecraft:wheat"
                    },
                    {
                      "item": "minecraft:wheat_seeds"
                    },
                    {
                      "item": "minecraft:pumpkin"
                    },
                    {
                      "item": "minecraft:melon"
                    },
                    {
                      "item": "minecraft:beetroot"
                    },
                    {
                      "item": "minecraft:pumpkin_seeds"
                    },
                    {
                      "item": "minecraft:melon_seeds"
                    },
                    {
                      "item": "minecraft:beetroot_seeds"
                    }
                  ]
                }
              ]
            }
          ]
        },
        {
          "num_to_select": 1,
          "trades": [
            {
              "max_uses": 64,
              "wants": [
                {
                  "item": "minecraft:gold_ingot",
                  "quantity": 10
                },
                {
                  "item": "ck:cooked_angler_fish",
                  "quantity": 1
                }
              ],
              "gives": [
                {
                  "item": "ck:fire_dracolyte",
                  "quantity": 1
                }
              ]
            },
            {
              "max_uses": 64,
              "wants": [
                {
                  "item": "minecraft:gold_ingot",
                  "quantity": 10
                },
                {
                  "item": "ck:cooked_angler_fish",
                  "quantity": 1
                }
              ],
              "gives": [
                {
                  "item": "ck:ice_dracolyte",
                  "quantity": 1
                }
              ]
            },
            {
              "max_uses": 64,
              "wants": [
                {
                  "item": "minecraft:gold_ingot",
                  "quantity": 10
                },
                {
                  "item": "ck:cooked_angler_fish",
                  "quantity": 1
                }
              ],
              "gives": [
                {
                  "item": "ck:poison_dracolyte",
                  "quantity": 1
                }
              ]
            }
          ]
        },
        {
          "trades": [
            {
              "max_uses": 64,
              "wants": [
                {
                  "item": "minecraft:iron_ingot",
                  "quantity": 1
                }
              ],
              "gives": [
                {
                  "item": "minecraft:written_book",
                  "quantity": 1,
                  "functions": [ 
                      { 
                          "function": "set_book_contents",
                          "author": "zahf",
                          "title": "Special Book",
                          "pages": 
                          [
                              "\n\n\n====================\n\n   Expansive Fantasy\n     (Dragon Addon)\n\n====================",
                              "Special Thanks\n\n   @lusciouskneez\n   @demigodz\n   @darkastromed\n   @cedarstar\n   @haxthecharizard\n   @grimreaperob\n   @brexit\n   @juliusscizzor\n   @justinMN\n   @twiggy\n   @unicorn",
                              "Special Thanks\n\n   @monozari\n   @shadegun\n   @mischief\n   @machine builder\n   @night\n   @kryston\n   @legargv\n   @primordial owly\n   @crediblenexus\n   @asilzade\n   @ough more than oof",
                              "\nDiscord:\n  https://discord.gg/n2Bxdwk\n\nTwitter:\n   @ck_zahf22\n\nYouTube channel:\n   https://www.youtube.com/channel/UCNAmHJ2jvh4tn9pSr671HWQ"
                          ]
                      }
                  ]
                }
              ]
            },
            
            
            
            
            {
              "max_uses": 64,
              "wants": [
                {
                  "item": "minecraft:iron_ingot",
                  "quantity": 20
                }
              ],
              "gives": [
                {
                  "item": "minecraft:written_book",
                  "quantity": 1,
                  "functions": [ 
                      { 
                          "function": "set_book_contents",
                          "author": "zahf",
                          "title": "Dragon Helm",
                          "pages": 
                          [
                              "\n\n\n    ———————————————————\n\n       crafting recipe\n         Dragon Helm\n\n    -————————————————-\n       -———————————",
                              
                              
                              "\n\n-———————————-———————————-——\n        ||RECIPE BOOK||\n\n  INDEX \n   1. Crafting Grid\n   2. Materials\n   3. Description\n\n-———————————-———————————-——",
                              
                              
                              "\n        §lCrafting\n     -—————-—————\n     |  1 |  2 |  3 |\n     -——————————-\n     |  4 |  5 |  6 |\n     -—————-————-\n     |  7 |  8 |  9 |\n     —————-—————-\n     o o o o o o o o o o",
                              
                              
                              "\n        §lMaterials§r\n\n1. Wyvern Fang\n2. Fire Ingot\n3. Wyvern Fang\n4. Poison Ingot\n5. Diamond helmet\n6. Ice Ingot\n7. Dragon Fang\n8. Dragon Scale\n9. Dragon Fang",
                              
                              "\n        §lDescription§r\n\n\n Durability\n    166"
                          ]
                      }
                  ]
                }
              ]
            },
            {
              "max_uses": 64,
              "wants": [
                {
                  "item": "minecraft:iron_ingot",
                  "quantity": 20
                }
              ],
              "gives": [
                {
                  "item": "minecraft:written_book",
                  "quantity": 1,
                  "functions": [ 
                      { 
                          "function": "set_book_contents",
                          "author": "zahf",
                          "title": "Dragon Chestplate",
                          "pages": 
                          [
                              "\n\n\n    ———————————————————\n\n       crafting recipe\n      Dragon Chestplate\n\n    -————————————————-\n       -———————————",
                              
                              
                              "\n\n-———————————-———————————-——\n        ||RECIPE BOOK||\n\n  INDEX \n   1. Crafting Grid\n   2. Materials\n   3. Description\n\n-———————————-———————————--—",
                              
                              
                              "\n        §lCrafting\n     -—————-—————\n     |  1 |  2 |  3 |\n     -——————————-\n     |  4 |  5 |  6 |\n     -—————-————-\n     |  7 |  8 |  9 |\n     —————-—————-\n     o o o o o o o o o o",
                              
                              
                              "\n        §lMaterials§r\n\n1. Wyvern Claw\n2. Fire Ingot\n3. Wyvern Claw\n4. Poison Ingot\n5. Diamond Chestplate\n6. Ice Ingot\n7. Dragon Claw\n8. Dragon Scale\n9. Dragon Claw",
                              
                              "\n        §lDescription§r\n\n\n Durability\n    241"
                          ]
                      }
                  ]
                }
              ]
            },
            {
              "max_uses": 64,
              "wants": [
                {
                  "item": "minecraft:iron_ingot",
                  "quantity": 20
                }
              ],
              "gives": [
                {
                  "item": "minecraft:written_book",
                  "quantity": 1,
                  "functions": [ 
                      { 
                          "function": "set_book_contents",
                          "author": "zahf",
                          "title": "Dragon Leggings",
                          "pages": 
                          [
                              "\n\n\n    ———————————————————\n\n       crafting recipe\n      Dragon Leggings\n\n    -————————————————-\n       -———————————",
                              
                              
                              "\n\n-———————————-———————————-——\n        ||RECIPE BOOK||\n\n  INDEX \n   1. Crafting Grid\n   2. Materials\n   3. Description\n\n-———————————-———————————--—",
                              
                              
                              "\n        §lCrafting\n     -—————-—————\n     |  1 |  2 |  3 |\n     -——————————-\n     |  4 |  5 |  6 |\n     -—————-————-\n     |  7 |  8 |  9 |\n     —————-—————-\n     o o o o o o o o o o",
                              
                              
                              "\n        §lMaterials§r\n\n1. Dragon Scale\n2. Fire Ingot\n3. Dragon Scale\n4. Poison Ingot\n5. Diamond Leggings\n6. Ice Ingot\n7. Dragon Scale\n8. Dragon Scale\n9. Dragon scale",
                              
                              "\n        §lDescription§r\n\n\n Durability\n    226"
                          ]
                      }
                  ]
                }
              ]
            },
            {
              "max_uses": 64,
              "wants": [
                {
                  "item": "minecraft:iron_ingot",
                  "quantity": 20
                }
              ],
              "gives": [
                {
                  "item": "minecraft:written_book",
                  "quantity": 1,
                  "functions": [ 
                      { 
                          "function": "set_book_contents",
                          "author": "zahf",
                          "title": "Dragon Boots",
                          "pages": 
                          [
                              "\n\n\n    ———————————————————\n\n       crafting recipe\n         Dragon Boots\n\n    -————————————————-\n       -———————————",
                              
                              
                              "\n\n-———————————-———————————-——\n        ||RECIPE BOOK||\n\n  INDEX \n   1. Crafting Grid\n   2. Materials\n   3. Description\n\n-———————————-———————————--—",
                              
                              
                              "\n        §lCrafting\n     -—————-—————\n     |  1 |  2 |  3 |\n     -——————————-\n     |  4 |  5 |  6 |\n     -—————-————-\n     |  7 |  8 |  9 |\n     —————-—————-\n     o o o o o o o o o o",
                              
                              
                              "\n        §lMaterials§r\n\n1. Wyvern Claw\n2. Fire Ingot\n3. Wyvern Claw\n4. Poison Ingot\n5. Diamond Boots\n6. Ice Ingot\n7. Wyvern Claw\n8. Dragon Scale\n9. Wyvern Claw",
                              
                              "\n        §lDescription§r\n\n\n Durability\n    196"
                          ]
                      }
                  ]
                }
              ]
            }
          ]
        },
        {
          "trades": [
            {
              "max_uses": 64,
              "wants": [
                {
                  "item": "minecraft:iron_ingot",
                  "quantity": 10
                }
              ],
              "gives": [
                {
                  "item": "minecraft:written_book",
                  "quantity": 1,
                  "functions": [ 
                      { 
                          "function": "set_book_contents",
                          "author": "zahf",
                          "title": "Fire Dagger",
                          "pages": 
                          [
                              "\n\n\n    ———————————————————\n\n       crafting recipe\n         Fire Dagger\n\n    -————————————————-\n       -———————————",
                              
                              
                              "\n\n-———————————-———————————-——\n        ||RECIPE BOOK||\n\n  INDEX \n   1. Crafting Grid\n   2. Materials\n   3. Description\n\n-———————————-——————————--——",
                              
                              
                              "\n        §lCrafting\n     -—————-—————\n     |  1 |  2 |  3 |\n     -——————————-\n     |  4 |  5 |  6 |\n     -—————-————-\n     |  7 |  8 |  9 |\n     —————-—————-\n     o o o o o o o o o o",
                              
                              
                              "\n        §lMaterials§r\n\n5. Fire Ingot\n8. stick",
                              
                              "\n        §lDescription§r\n\n\n Damage\n   +6\n\n Movement Speed\n   +0.3\n\n Upgrade\n   Fire Sword 1"
                          ]
                      }
                  ]
                }
              ]
            },
            {
              "max_uses": 64,
              "wants": [
                {
                  "item": "minecraft:iron_ingot",
                  "quantity": 10
                }
              ],
              "gives": [
                {
                  "item": "minecraft:written_book",
                  "quantity": 1,
                  "functions": [ 
                      { 
                          "function": "set_book_contents",
                          "author": "zahf",
                          "title": "Ice Dagger",
                          "pages": 
                          [
                              "\n\n\n    ———————————————————\n\n       crafting recipe\n          Ice Dagger\n\n    -————————————————-\n       -———————————",
                              
                              
                              "\n\n-———————————-———————————-——\n        ||RECIPE BOOK||\n\n  INDEX \n   1. Crafting Grid\n   2. Materials\n   3. Description\n\n-———————————-———————————-——",
                              
                              
                              "\n        §lCrafting\n     -—————-—————\n     |  1 |  2 |  3 |\n     -——————————-\n     |  4 |  5 |  6 |\n     -—————-————-\n     |  7 |  8 |  9 |\n     —————-—————-\n     o o o o o o o o o o",
                              
                              
                              "\n        §lMaterials§r\n\n5. Ice Ingot\n8. stick",
                              
                              "\n        §lDescription§r\n\n\n Damage\n   +6\n\n Movement Speed\n   +0.3\n\n Upgrade\n   Ice Sword 1"
                          ]
                      }
                  ]
                }
              ]
            },
            {
              "max_uses": 64,
              "wants": [
                {
                  "item": "minecraft:iron_ingot",
                  "quantity": 10
                }
              ],
              "gives": [
                {
                  "item": "minecraft:written_book",
                  "quantity": 1,
                  "functions": [ 
                      { 
                          "function": "set_book_contents",
                          "author": "zahf",
                          "title": "Poison Dagger",
                          "pages": 
                          [
                              "\n\n\n    ———————————————————\n\n       crafting recipe\n        Poison Dagger\n\n    -————————————————-\n       -———————————",
                              
                              
                              "\n\n-———————————-———————————-——\n        ||RECIPE BOOK||\n\n  INDEX \n   1. Crafting Grid\n   2. Materials\n   3. Description\n\n-———————————-———————————-——",
                              
                              
                              "\n        §lCrafting\n     -—————-—————\n     |  1 |  2 |  3 |\n     -——————————-\n     |  4 |  5 |  6 |\n     -—————-————-\n     |  7 |  8 |  9 |\n     —————-—————-\n     o o o o o o o o o o",
                              
                              
                              "\n        §lMaterials§r\n\n5. Poison Ingot\n8. stick",
                              
                              "\n        §lDescription§r\n\n\n Damage\n   +6\n\n Movement Speed\n   +0.3\n\n Upgrade\n   Poison Sword 1"
                          ]
                      }
                  ]
                }
              ]
            }
          ]
        },
        {
          "trades": [
            {
              "max_uses": 64,
              "wants": [
                {
                  "item": "minecraft:iron_ingot",
                  "quantity": 15
                }
              ],
              "gives": [
                {
                  "item": "minecraft:written_book",
                  "quantity": 1,
                  "functions": [ 
                      { 
                          "function": "set_book_contents",
                          "author": "zahf",
                          "title": "Fire Sword 1",
                          "pages": 
                          [
                              "\n\n\n    ———————————————————\n\n       crafting recipe\n        Fire Sword 1\n\n    -————————————————-\n       -———————————",
                              
                              
                              "\n\n-———————————-———————————-——\n        ||RECIPE BOOK||\n\n  INDEX \n   1. Crafting Grid\n   2. Materials\n   3. Description\n\n-———————————-——————————--——",
                              
                              
                              "\n        §lCrafting\n     -—————-—————\n     |  1 |  2 |  3 |\n     -——————————-\n     |  4 |  5 |  6 |\n     -—————-————-\n     |  7 |  8 |  9 |\n     —————-—————-\n     o o o o o o o o o o",
                              
                              
                              "\n        §lMaterials§r\n\n1. Fire Ingot\n2. Gold Ingot\n3. Fire Ingot\n4. Gold Ingot\n5. Fire Dagger\n6. Gold Ingot\n7. Fire Ingot\n8. Dragon Bone\n9. Fire Ingot",
                              
                              "\n        §lDescription§r\n\n\n Damage\n   +10\n\n Movement Speed\n   +0.0\n\n Upgrade\n   Fire Sword 2"
                          ]
                      }
                  ]
                }
              ]
            },
            {
              "max_uses": 64,
              "wants": [
                {
                  "item": "minecraft:iron_ingot",
                  "quantity": 15
                }
              ],
              "gives": [
                {
                  "item": "minecraft:written_book",
                  "quantity": 1,
                  "functions": [ 
                      { 
                          "function": "set_book_contents",
                          "author": "zahf",
                          "title": "Poison Sword 1",
                          "pages": 
                          [
                              "\n\n\n    ———————————————————\n\n       crafting recipe\n       Poison Sword 1\n\n    -————————————————-\n       -———————————",
                              
                              
                              "\n\n-———————————-———————————-——\n        ||RECIPE BOOK||\n\n  INDEX \n   1. Crafting Grid\n   2. Materials\n   3. Description\n\n-———————————-——————————--——",
                              
                              
                              "\n        §lCrafting\n     -—————-—————\n     |  1 |  2 |  3 |\n     -——————————-\n     |  4 |  5 |  6 |\n     -—————-————-\n     |  7 |  8 |  9 |\n     —————-—————-\n     o o o o o o o o o o",
                              
                              
                              "\n        §lMaterials§r\n\n1. Poison Ingot\n2. Gold Ingot\n3. Poison Ingot\n4. Gold Ingot\n5. Poison Dagger\n6. Gold Ingot\n7. Poison Ingot\n8. Dragon Bone\n9. Poison Ingot",
                              
                              "\n        §lDescription§r\n\n\n Damage\n   +10\n\n Movement Speed\n   +0.0\n\n Upgrade\n   Poison Sword 2"
                          ]
                      }
                  ]
                }
              ]
            },
            {
              "max_uses": 64,
              "wants": [
                {
                  "item": "minecraft:iron_ingot",
                  "quantity": 15
                }
              ],
              "gives": [
                {
                  "item": "minecraft:written_book",
                  "quantity": 1,
                  "functions": [ 
                      { 
                          "function": "set_book_contents",
                          "author": "zahf",
                          "title": "Ice Sword 1",
                          "pages": 
                          [
                              "\n\n\n    ———————————————————\n\n       crafting recipe\n        Ice Sword 1\n\n    -————————————————-\n       -———————————",
                              
                              
                              "\n\n-———————————-———————————-——\n        ||RECIPE BOOK||\n\n  INDEX \n   1. Crafting Grid\n   2. Materials\n   3. Description\n\n-———————————-——————————--——",
                              
                              
                              "\n        §lCrafting\n     -—————-—————\n     |  1 |  2 |  3 |\n     -——————————-\n     |  4 |  5 |  6 |\n     -—————-————-\n     |  7 |  8 |  9 |\n     —————-—————-\n     o o o o o o o o o o",
                              
                              
                              "\n        §lMaterials§r\n\n1. Ice Ingot\n2. Gold Ingot\n3. Ice Ingot\n4. Gold Ingot\n5. Ice Dagger\n6. Gold Ingot\n7. Ice Ingot\n8. Dragon Bone\n9. Ice Ingot",
                              
                              "\n        §lDescription§r\n\n\n Damage\n   +10\n\n Movement Speed\n   +0.0\n\n Upgrade\n   Ice Sword 2"
                          ]
                      }
                  ]
                }
              ]
            }
          ]
        },
        {
          "trades": [
            {
              "max_uses": 64,
              "wants": [
                {
                  "item": "minecraft:iron_ingot",
                  "quantity": 20
                }
              ],
              "gives": [
                {
                  "item": "minecraft:written_book",
                  "quantity": 1,
                  "functions": [ 
                      { 
                          "function": "set_book_contents",
                          "author": "zahf",
                          "title": "Fire Sword 2",
                          "pages": 
                          [
                              "\n\n\n    ———————————————————\n\n       crafting recipe\n        Fire Sword 2\n\n    -————————————————-\n       -———————————",
                              
                              
                              "\n\n-———————————-———————————-——\n        ||RECIPE BOOK||\n\n  INDEX \n   1. Crafting Grid\n   2. Materials\n   3. Description\n\n-———————————-——————————--——",
                              
                              
                              "\n        §lCrafting\n     -—————-—————\n     |  1 |  2 |  3 |\n     -——————————-\n     |  4 |  5 |  6 |\n     -—————-————-\n     |  7 |  8 |  9 |\n     —————-—————-\n     o o o o o o o o o o",
                              
                              
                              "\n        §lMaterials§r\n\n1. Fire Ingot\n2. Diamond\n3. Fire Ingot\n4. Diamond\n5. Fire Sword 1\n6. Diamond\n7. Wyvern Bone\n8. Dragon Bone\n9. Wyvern Bone",
                              
                              "\n        §lDescription§r\n\n\n Damage\n   +15\n\n Movement Speed\n   +0.0\n\n Upgrade\n   Fire Sword 3"
                          ]
                      }
                  ]
                }
              ]
            },
            {
              "max_uses": 64,
              "wants": [
                {
                  "item": "minecraft:iron_ingot",
                  "quantity": 20
                }
              ],
              "gives": [
                {
                  "item": "minecraft:written_book",
                  "quantity": 1,
                  "functions": [ 
                      { 
                          "function": "set_book_contents",
                          "author": "zahf",
                          "title": "Poison Sword 2",
                          "pages": 
                          [
                              "\n\n\n    ———————————————————\n\n       crafting recipe\n       Poison Sword 2\n\n    -————————————————-\n       -———————————",
                              
                              
                              "\n\n-———————————-———————————-——\n        ||RECIPE BOOK||\n\n  INDEX \n   1. Crafting Grid\n   2. Materials\n   3. Description\n\n-———————————-——————————--——",
                              
                              
                              "\n        §lCrafting\n     -—————-—————\n     |  1 |  2 |  3 |\n     -——————————-\n     |  4 |  5 |  6 |\n     -—————-————-\n     |  7 |  8 |  9 |\n     —————-—————-\n     o o o o o o o o o o",
                              
                              
                              "\n        §lMaterials§r\n\n1. Poison Ingot\n2. Diamond\n3. Poison Ingot\n4. Diamond\n5. Poison Sword 1\n6. Diamond\n7. Wyvern Bone\n8. Dragon Bone\n9. Wyvern Bone",
                              
                              "\n        §lDescription§r\n\n\n Damage\n   +15\n\n Movement Speed\n   +0.0\n\n Upgrade\n   Poison Sword 3"
                          ]
                      }
                  ]
                }
              ]
            },
            {
              "max_uses": 64,
              "wants": [
                {
                  "item": "minecraft:iron_ingot",
                  "quantity": 20
                }
              ],
              "gives": [
                {
                  "item": "minecraft:written_book",
                  "quantity": 1,
                  "functions": [ 
                      { 
                          "function": "set_book_contents",
                          "author": "zahf",
                          "title": "Ice Sword 2",
                          "pages": 
                          [
                              "\n\n\n    ———————————————————\n\n       crafting recipe\n        Ice Sword 2\n\n    -————————————————-\n       -———————————",
                              
                              
                              "\n\n-———————————-———————————-——\n        ||RECIPE BOOK||\n\n  INDEX \n   1. Crafting Grid\n   2. Materials\n   3. Description\n\n-———————————-——————————--——",
                              
                              
                              "\n        §lCrafting\n     -—————-—————\n     |  1 |  2 |  3 |\n     -——————————-\n     |  4 |  5 |  6 |\n     -—————-————-\n     |  7 |  8 |  9 |\n     —————-—————-\n     o o o o o o o o o o",
                              
                              
                              "\n        §lMaterials§r\n\n1. Ice Ingot\n2. Diamond\n3. Ice Ingot\n4. Diamond\n5. Ice Sword 1\n6. Diamond\n7. Wyvern Bone\n8. Dragon Bone\n9. Wyvern Bone",
                              
                              "\n        §lDescription§r\n\n\n Damage\n   +15\n\n Movement Speed\n   +0.0\n\n Upgrade\n   Ice Sword 3"
                          ]
                      }
                  ]
                }
              ]
            }
          ]
        },
        {
          "trades": [
            {
              "max_uses": 64,
              "wants": [
                {
                  "item": "minecraft:iron_ingot",
                  "quantity": 25
                }
              ],
              "gives": [
                {
                  "item": "minecraft:written_book",
                  "quantity": 1,
                  "functions": [ 
                      { 
                          "function": "set_book_contents",
                          "author": "zahf",
                          "title": "Fire Sword 3",
                          "pages": 
                          [
                              "\n\n\n    ———————————————————\n\n       crafting recipe\n        Fire Sword 3\n\n    -————————————————-\n       -———————————",
                              
                              
                              "\n\n-———————————-———————————-——\n        ||RECIPE BOOK||\n\n  INDEX \n   1. Crafting Grid\n   2. Materials\n   3. Description\n\n-———————————-——————————--——",
                              
                              
                              "\n        §lCrafting\n     -—————-—————\n     |  1 |  2 |  3 |\n     -——————————-\n     |  4 |  5 |  6 |\n     -—————-————-\n     |  7 |  8 |  9 |\n     —————-—————-\n     o o o o o o o o o o",
                              
                              
                              "\n        §lMaterials§r\n\n1. Fire Ingot\n2. Emerald\n3. Fire Ingot\n4. Emerald\n5. Fire Sword 2\n6. Emerald\n7. Wyvern Bone\n8. Dragon Bone\n9. Wyvern Bone",
                              
                              "\n        §lDescription§r\n\n\n Damage\n   +20\n\n Movement Speed\n   +0.0\n\n Upgrade\n   Max"
                          ]
                      }
                  ]
                }
              ]
            },
            {
              "max_uses": 64,
              "wants": [
                {
                  "item": "minecraft:iron_ingot",
                  "quantity": 25
                }
              ],
              "gives": [
                {
                  "item": "minecraft:written_book",
                  "quantity": 1,
                  "functions": [ 
                      { 
                          "function": "set_book_contents",
                          "author": "zahf",
                          "title": "Poison Sword 3",
                          "pages": 
                          [
                              "\n\n\n    ———————————————————\n\n       crafting recipe\n       Poison Sword 3\n\n    -————————————————-\n       -———————————",
                              
                              
                              "\n\n-———————————-———————————-——\n        ||RECIPE BOOK||\n\n  INDEX \n   1. Crafting Grid\n   2. Materials\n   3. Description\n\n-———————————-——————————--——",
                              
                              
                              "\n        §lCrafting\n     -—————-—————\n     |  1 |  2 |  3 |\n     -——————————-\n     |  4 |  5 |  6 |\n     -—————-————-\n     |  7 |  8 |  9 |\n     —————-—————-\n     o o o o o o o o o o",
                              
                              
                              "\n        §lMaterials§r\n\n1. Poison Ingot\n2. Emerald\n3. Poison Ingot\n4. Emerald\n5. Poison Sword 2\n6. Emerald\n7. Wyvern Bone\n8. Dragon Bone\n9. Wyvern Bone",
                              
                              "\n        §lDescription§r\n\n\n Damage\n   +20\n\n Movement Speed\n   +0.0\n\n Upgrade\n   Max"
                          ]
                      }
                  ]
                }
              ]
            },
            {
              "max_uses": 64,
              "wants": [
                {
                  "item": "minecraft:iron_ingot",
                  "quantity": 25
                }
              ],
              "gives": [
                {
                  "item": "minecraft:written_book",
                  "quantity": 1,
                  "functions": [ 
                      { 
                          "function": "set_book_contents",
                          "author": "zahf",
                          "title": "Ice Sword 3",
                          "pages": 
                          [
                              "\n\n\n    ———————————————————\n\n       crafting recipe\n        Ice Sword 3\n\n    -————————————————-\n       -———————————",
                              
                              
                              "\n\n-———————————-———————————-——\n        ||RECIPE BOOK||\n\n  INDEX \n   1. Crafting Grid\n   2. Materials\n   3. Description\n\n-———————————-——————————--——",
                              
                              
                              "\n        §lCrafting\n     -—————-—————\n     |  1 |  2 |  3 |\n     -——————————-\n     |  4 |  5 |  6 |\n     -—————-————-\n     |  7 |  8 |  9 |\n     —————-—————-\n     o o o o o o o o o o",
                              
                              
                              "\n        §lMaterials§r\n\n1. Ice Ingot\n2. Emerald\n3. Ice Ingot\n4. Emerald\n5. Ice Sword 2\n6. Emerald\n7. Wyvern Bone\n8. Dragon Bone\n9. Wyvern Bone",
                              
                              "\n        §lDescription§r\n\n\n Damage\n   +20\n\n Movement Speed\n   +0.0\n\n Upgrade\n   Max"
                          ]
                      }
                  ]
                }
              ]
            }
          ]
        }
      ]
    }
  ]
}