{
  "format_version": "1.10.0",
  "minecraft:client_entity": {
    "description": {
      "identifier": "ck:black_dragon_baby",
      "materials": {
          "default": "phantom",
          "les": "wolf"
      },
      "textures": {
        "var_zero": "textures/entity/black_dragon/black_dragon",
        "var_one": "textures/entity/black_dragon/var1_dragon",
        "var_two": "textures/entity/black_dragon/var2_dragon",
        "var_three": "textures/entity/black_dragon/var3_dragon"
      },
      "geometry": {
        "default": "geometry.black_dragon"
      },
      
      
      "animations": {
        "blink": "animation.dragon.blink",
        "setup": "animation.dragon.setup",
        "walk": "animation.dragon_four.walking",
        "look": "animation.dragon.look_at_target",
        "fly": "animation.dragon.fly",
        "growl": "animation.dragon.growl_idle",
        "sitting": "animation.dragon.sit",
        "sleeping": "animation.dragon.sleeping",
        "wiggle_tail": "animation.dragon.tail",
        "riding": "animation.dragon.ride",
        
        "general": "controller.animation.black_dragon.general"
      },
      "scripts": {
        "pre_animation": 
            [
            "variable.tail = query.ground_speed == 0 ? Math.cos(query.anim_time * 150) *  5.0 : Math.sin(-query.yaw_speed) * 10;",
            "variable.tail1 = query.ground_speed == 0 ? Math.cos(query.anim_time * 100) *  5.0 : Math.sin(-query.yaw_speed) * 10;",
            "variable.tail2 = query.ground_speed == 0 ? Math.cos(query.anim_time * 80) *  5.0 : Math.sin(-query.yaw_speed) * 10;",
            "variable.tail3 = query.ground_speed == 0 ? Math.cos(query.anim_time * 60) *  5.0 : Math.sin(-query.yaw_speed) * 10;",
            "variable.tail4 = query.ground_speed == 0 ? Math.cos(query.anim_time * 50) *  5.0 : Math.sin(-query.yaw_speed) * 10;",
            "variable.tail5 = query.ground_speed == 0 ? Math.cos(query.anim_time * 20) *  5.0 : Math.sin(-query.yaw_speed) * 10;",
            "variable.tail6 = query.ground_speed == 0 ? Math.cos(query.anim_time * 10) *  5.0 : Math.sin(-query.yaw_speed) * 10;"
            ],
        "animate": [
           {"general": "!query.is_riding"},
           { "riding": "query.is_riding" }
        ]
      },
      "sound_effects": {
          "growl_sound": "mob.baby_dragon.idle"
      },
      "render_controllers": [ "controller.render.dragon" ],
      "spawn_egg": {
        "base_color": "#634e2f",
        "overlay_color": "#d0b899"
      }
    }
  }
}
