{
  "format_version": "1.10.0",
  "minecraft:client_entity": {
    "description": {
      "identifier": "ck:dragon_tamed_female",
      "enable_attachables": true,
      "materials": { 
          "default": "phantom",
          "les": "wolf"
      },
      "textures": {
        "var_zero": "textures/entity/black_dragon/black_dragon",
        "var_one": "textures/entity/black_dragon/var1_dragon",
        "var_two": "textures/entity/black_dragon/var2_dragon",
        "var_three": "textures/entity/black_dragon/var3_dragon",
        "saddle": "textures/entity/black_dragon/armor/dragon_saddle",
        "gender": "textures/entity/female"
      },
      "geometry": {
        "default": "geometry.black_dragon",
        "saddle": "geometry.dragon_saddle",
        "gender": "geometry.female"
      },
      "animations": {
        "soundfly": "animation.dragon.flysound",
        "soundglide": "animation.dragon.glidesound",
        "blink": "animation.dragon.blink",
        "setup": "animation.dragon.setup",
        "walk": "animation.dragon_four.walking",
        "look": "animation.dragon.look_at_target",
        "fly": "animation.dragon.fly",
        "growl": "animation.dragon.growl_idle",
        "sitting": "animation.dragon.sit",
        "sleeping": "animation.dragon.sleeping",
        "fire_breath_attack": "animation.dragon.fire_breath",
        "wiggle_tail": "animation.dragon.tail",
        
        "general": "controller.animation.black_dragon.general",
        "fly_sound_system": "controller.animation.fly_sound_mechanics",
        "fire_breath": "controller.animation.dragon_attack"
      },
      "scripts": {
          "scale": "query.is_in_ui ? 0.4 : 1",
        "pre_animation": 
            [
            "variable.tail = query.ground_speed == 0 ? Math.cos(query.anim_time * 150) *  5.0 : Math.sin(-query.yaw_speed) * 10;",
            "variable.tail1 = query.ground_speed == 0 ? Math.cos(query.anim_time * 100) *  5.0 : Math.sin(-query.yaw_speed) * 10;",
            "variable.tail2 = query.ground_speed == 0 ? Math.cos(query.anim_time * 80) *  5.0 : Math.sin(-query.yaw_speed) * 10;",
            "variable.tail3 = query.ground_speed == 0 ? Math.cos(query.anim_time * 60) *  5.0 : Math.sin(-query.yaw_speed) * 10;",
            "variable.tail4 = query.ground_speed == 0 ? Math.cos(query.anim_time * 50) *  5.0 : Math.sin(-query.yaw_speed) * 10;",
            "variable.tail5 = query.ground_speed == 0 ? Math.cos(query.anim_time * 20) *  5.0 : Math.sin(-query.yaw_speed) * 10;",
            "variable.tail6 = query.ground_speed == 0 ? Math.cos(query.anim_time * 10) *  5.0 : Math.sin(-query.yaw_speed) * 10;"
            ],
        "animate": [
           "general",
           "fire_breath",
           { "fly_sound_system": "!query.is_on_ground" }
        ]
      },
      "particle_effects": {
          "apoy1": "ck:dragon_breath"
      },
      "sound_effects": {
          "growl_sound": "mob.dragonone.idle",
          "fly_sound": "mob.dragonone.fly",
          "glide_sound": "elytra.loop"
      },
      "render_controllers": 
          [ 
              "controller.render.dragon",
              "controller.render.dragon_saddle",
              {"controller.render.gender": "query.is_in_ui"}
          ],
      "spawn_egg": {
        "base_color": "#634e2f",
        "overlay_color": "#d0b899"
      }
    }
  }
}
