{
    "format_version": "1.10.0",
    "particle_effect": {
      "description": {
        "identifier": "ck:poison_sword_emitter",
        "basic_render_parameters": {
          "material": "particles_blend",
          "texture": "textures/particle/breath"
        }
      },
    "curves": {
      "variable.size_curve": {
        "type": "catmull_rom",
        "nodes": [ 0.25, 0.2, 0.1, 0.3, 0.1, 0.5, 0.0, 0.3 ],
        "input": "variable.particle_age",
        "horizontal_range": "variable.particle_lifetime"
      }
    },
    "components": {
      "minecraft:emitter_rate_manual": {
        "max_particles": 80
      },
      "minecraft:emitter_lifetime_expression": {
        "activation_expression": 1,
        "expiration_expression": 0
      },
      "minecraft:emitter_shape_entity_aabb": {
        "direction": ["Math.random(-1.0, 1.0)", "Math.random(-1.0, 1.0)", "Math.random(-1.0, 1.0)"]
      },
      "minecraft:particle_initial_speed": "Math.random(3.0, 15.0)",
      "minecraft:particle_lifetime_expression": {
        "max_lifetime": "math.random(2.0, 5.0)"
      },
      "minecraft:particle_motion_dynamic": {
        "linear_acceleration": [ 0, 0.0, 0 ],
        "linear_drag_coefficient": 5
      },
      "minecraft:particle_motion_collision": {
        "coefficient_of_restitution": 0.5,
        "collision_drag": 2,
        "collision_radius": 0.1
      },
        "minecraft:particle_initialization": {
          "per_render_expression": "variable.size = 0.75 * math.pow(1.0-(variable.particle_age / variable.particle_lifetime), 0.08);"
        },
        "minecraft:particle_appearance_billboard": {
          "size": ["variable.size" , "variable.size" ],
          "facing_camera_mode": "lookat_xyz",
          "uv": {
            "texture_width": 1,
            "texture_height": 12,
            "uv": [ 0, "Math.floor(variable.particle_random_2 * 12)" ],
            "uv_size": [ 1, 1 ]
          }
        },
        "minecraft:particle_appearance_tinting": {
            "color": [ 0.352, 0.929, 0.380, "math.random(0.1, 0.8)" ]
        }
      }
    }
  }
  