{
    "format_version":"1.10.0",
    "particle_effect":{
        "description":{
            "identifier":"ck:poison_sword_particle",
            "basic_render_parameters":{
                "material":"particles_alpha",
                "texture":"textures/particle/green_particle"
            }
        },
    "events": {
      "smoke": {
        "particle_effect": {
          "effect": "ck:poison_sword_emitter",
          "type": "particle_with_velocity"
        }
      }
    },
        "components":{
            "minecraft:emitter_rate_instant":{
                "num_particles":1
            },
            "minecraft:emitter_lifetime_once":{
                "active_time":0
            },
            "minecraft:emitter_shape_sphere":{
                "radius":0.025,"direction":[0,0,0]
            },
            "minecraft:particle_lifetime_expression":{
                "max_lifetime":"0.3"
            },
      "minecraft:particle_lifetime_events": {
        "timeline": {
          "0.0": "smoke",
          "0.025": "smoke",
          "0.05": "smoke",
          "0.075": "smoke",
          "0.1": "smoke",
          "0.15": "smoke",
          "0.2": "smoke",
          "0.25": "smoke",
          "0.3": "smoke",
          "0.35": "smoke",
          "0.4": "smoke",
          "0.5": "smoke",
          "0.6": "smoke",
          "0.7": "smoke",
          "0.8": "smoke",
          "0.9": "smoke",
          "1.0": "smoke",
          "1.2": "smoke",
          "1.4": "smoke",
          "1.6": "smoke",
          "1.8": "smoke",
          "2.0": "smoke"
        }
      },
            "minecraft:particle_appearance_billboard":{
                "size":[2.0,1.0],
                "facing_camera_mode":"lookat_xyz",
                "uv":{
                    "texture_width":256,
                    "texture_height":16,
                    "flipbook":{
                        "base_UV":[0,0],
                        "size_UV":[32,16],
                        "step_UV":[32,0],
                        "frames_per_second":8,
                        "max_frame":8,
                        "stretch_to_lifetime":true,
                        "loop":false
                    }
                }
            }
        }
    }
}