{
  "pools": [
    {
      "rolls": 1,
      "conditions": [
        {
          "condition": "random_chance",
          "chance": 1.0
        }
      ],
      "entries": [
        {
          "type": "item",
          "name": "minecraft:diamond_sword",
          "weight": 1,
          "functions": [ 
              { 
                  "function": "specific_enchants", 
                  "enchants": [ 
                      { 
                          "id": "fire_aspect", 
                          "level":1
                      },
                      { 
                          "id": "unbreaking", 
                          "level": 1000 
                      } 
                    ]
              }
            ]
        }
      ]
    }
  ]
}