{
    "format_version": "1.14.0",
    "minecraft:entity": {
        "description": {
            "identifier": "ck:ice_wyvern_egg",
            "is_spawnable": true,
            "is_summonable": true,
            "is_experimental": false,
            "scripts": {
                "animate":
                [
                    "cae"
                ]
            },
			"animations": {
			    "fe": "animation.fire_wyvern_egg",
			    "ie": "animation.ice_wyvern_egg",
			    "pe": "animation.poison_wyvern_egg",
			    "fes": "animation.wyvern_egg_remove",
			    "fet": "animation.wyvern_egg_hatching",
			    "cae": "controller.animation.wyvern_egg"
			}
        },
        "component_groups": {
            
            
            "wyvern_hatched": {
                "minecraft:transformation": {
                    "into": "ck:wyvern_baby<wyvern_ice_baby>",
                    "delay": 0.5
                }
            },
            
            "hata":{
                "minecraft:is_sheared": {},
                "minecraft:tick_world": {
                    "never_despawn": true,
                    "radius": 2
                },
                "minecraft:block_sensor": {
                    "sensor_radius": 2,
                    "on_break":
                    [
                        {
                            "block_list":
                            [
                                "ck:curved_froststone"
                            ],
                            "on_block_broken":"stop_hatch"
                        }
                    ]
                }
            },
            
            "taryet":{
                "minecraft:environment_sensor": {
                    "triggers":
                    [
                        {
                            "filters": {
                                "all_of":
                                [
                                    {
                                        "test": "has_tag",
                                        "subject": "self",
                                        "operator": "==",
                                        "value": "block_one"
                                    },
                                    {
                                        "test": "has_tag",
                                        "subject": "self",
                                        "operator": "==",
                                        "value": "block_two"
                                    },
                                    {
                                        "test": "has_tag",
                                        "subject": "self",
                                        "operator": "==",
                                        "value": "block_three"
                                    },
                                    {
                                        "test": "has_tag",
                                        "subject": "self",
                                        "operator": "==",
                                        "value": "block_four"
                                    },
                                    {
                                        "test": "has_tag",
                                        "subject": "self",
                                        "operator": "==",
                                        "value": "block_five"
                                    },
                                    {
                                        "test": "has_tag",
                                        "subject": "self",
                                        "operator": "==",
                                        "value": "block_six"
                                    },
                                    {
                                        "test": "has_tag",
                                        "subject": "self",
                                        "operator": "==",
                                        "value": "block_seven"
                                    },
                                    {
                                        "test": "has_tag",
                                        "subject": "self",
                                        "operator": "==",
                                        "value": "block_eight"
                                    },
                                    {
                                        "test": "has_tag",
                                        "subject": "self",
                                        "operator": "==",
                                        "value": "block_nine"
                                    }
                                ]
                            },
                            "event": "minecraft:hey"
                        }
                    ]
                }
            }
        },
        "components": {
            "minecraft:type_family": {
                "family":
                [
                    "ice_wyvern_egg",
                    "wyvern_egg"
                ]
            },
            "minecraft:variant":{
                "value": 2
            },
            "minecraft:loot": {
                "table": "loot_tables/entities/spawn_egg.json"
            },
            "minecraft:scale":{
                "value": 3.0
            },
            "minecraft:nameable": {
                "alwaysShow": true
            },
            "minecraft:fire_immune": true,
            "minecraft:knockback_resistance": {
                "value": 100,
                "max": 100
            },
            "minecraft:damage_sensor": {
                "triggers": {
                    "cause": "fall",
                    "deals_damage": false
                }
            },
            "minecraft:collision_box": {
                "width": 0.31,
                "height": 0.31
            },
            "minecraft:health":{
                "value": 1,
                "max": 1
            },
            "minecraft:physics": {
                "has_collision": true,
                "has_gravity": true
            }
        },
        "events":{
            "ck:wyvern_hatched": {
                "add": {
                    "component_groups":
                    [
                        "wyvern_hatched"
                    ]
                }
            },
            "minecraft:entity_spawned": {
                "add": {
                    "component_groups":
                    [
                        "taryet"
                    ]
                }
            },
            "minecraft:hey": {
                "add": {
                    "component_groups": ["hata"]
                }
            },
            "stop_hatch": {
                "remove": {
                    "component_groups": ["hata"]
                }
            }
        }
    }
}
