{
    "format_version": "1.14.0",
    "minecraft:entity": {
        "description": {
            "identifier": "ck:wyvern_baby",
            "is_spawnable": false,
            "is_summonable": true,
            "is_experimental": false
        },
        
        "component_groups": {
            
            
            "variant_zero":{
                "minecraft:variant":{
                    "value": 0
                }
            },
            "variant_one":{
                "minecraft:variant":{
                    "value": 1
                }
            },
            "variant_two":{
                "minecraft:variant":{
                    "value": 2
                }
            },
            
            "wyvern_transforming_to_untamed_var_zero": {
                "minecraft:transformation": {
					"transformation_sound": "saddle",
					"keep_owner": true,
                    "into": "ck:wyvern_untamed<wyvern_to_walk_var_zero>",
                    "delay": 0.5
                }
            },
            "wyvern_transforming_to_untamed_var_one": {
                "minecraft:transformation": {
					"transformation_sound": "saddle",
					"keep_owner": true,
                    "into": "ck:wyvern_untamed<wyvern_to_walk_var_one>",
                    "delay": 0.5
                }
            },
            "wyvern_transforming_to_untamed_var_two": {
                "minecraft:transformation": {
					"transformation_sound": "saddle",
					"keep_owner": true,
                    "into": "ck:wyvern_untamed<wyvern_to_walk_var_two>",
                    "delay": 0.5
                }
            },
            
            "wyvern_male_transforming_to_tamed_var_zero": {
                "minecraft:transformation": {
					"transformation_sound": "saddle",
					"keep_owner": true,
                    "into": "ck:wyvern_tamed_male<wyvern_to_tamed_var_zero>",
                    "delay": 0.5
                }
            },
            "wyvern_male_transforming_to_tamed_var_one": {
                "minecraft:transformation": {
					"transformation_sound": "saddle",
					"keep_owner": true,
                    "into": "ck:wyvern_tamed_male<wyvern_to_tamed_var_one>",
                    "delay": 0.5
                }
            },
            "wyvern_male_transforming_to_tamed_var_two": {
                "minecraft:transformation": {
					"transformation_sound": "saddle",
					"keep_owner": true,
                    "into": "ck:wyvern_tamed_male<wyvern_to_tamed_var_two>",
                    "delay": 0.5
                }
            },
            "wyvern_female_transforming_to_tamed_var_zero": {
                "minecraft:transformation": {
					"transformation_sound": "saddle",
					"keep_owner": true,
                    "into": "ck:wyvern_tamed_female<wyvern_to_tamed_var_zero>",
                    "delay": 0.5
                }
            },
            "wyvern_female_transforming_to_tamed_var_one": {
                "minecraft:transformation": {
					"transformation_sound": "saddle",
					"keep_owner": true,
                    "into": "ck:wyvern_tamed_female<wyvern_to_tamed_var_one>",
                    "delay": 0.5
                }
            },
            "wyvern_female_transforming_to_tamed_var_two": {
                "minecraft:transformation": {
					"transformation_sound": "saddle",
					"keep_owner": true,
                    "into": "ck:wyvern_tamed_female<wyvern_to_tamed_var_two>",
                    "delay": 0.5
                }
            },
            "baby_wyvern_1": {
                "minecraft:is_baby":{},
                "minecraft:type_family": {
                    "family": ["wyvern_baby_1"]
                },
                "minecraft:health": {
                    "value": 40,
                    "max": 40
                },
                "minecraft:scale_by_age": {
                    "start_scale": 0.08,
                    "end_scale": 0.1
                },
                "minecraft:ageable": {
                    "duration": 6000,
                    "feed_items": [
                        {
                            "item": "fish",
                            "growth": 0.016667
                        },
                        {
                            "item": "salmon",
                            "growth": 0.025
                        }
                    ],
                    "grow_up": {
                        "event": "ck:wyvern_baby_2",
                        "target": "self"
                    }
                },
                "minecraft:behavior.stalk_and_pounce_on_target": {
                    "priority": 1,
                    "stalk_speed": 1.2,
                    "max_stalk_dist": 12.0,
                    "leap_height": 0.9,
                    "leap_dist": 0.8,
                    "pounce_max_dist": 5.0,
                    "interest_time": 2.0,
                    "stuck_time": 2.0,
                    "strike_dist": 2.0,
                    "stuck_blocks": {
                        "test": "is_block",
                        "subject": "block",
                        "operator": "==",
                        "value": "snow_layer"
                    }
                },
                "minecraft:behavior.nearest_attackable_target": {
                    "priority": 1,
                    "within_radius": 64,
                    "reselect_targets": true,
                    "entity_types": [
                        {
                            "filters": {
                                "test": "is_family",
                                "subject": "other",
                                "value": "chicken"
                            },
                            "max_dist": 64
                        }
                    ],
                    "must_see": false,
                    "must_see_forget_duration": 0.5,
                    "scan_interval": 5,
                    "target_search_height": -1.0
                },
                "minecraft:attack": {
                    "damage": [6, 15]
                }
            },
            "baby_wyvern_2": {
                "minecraft:is_baby":{},
                "minecraft:type_family": {
                    "family": ["wyvern_baby_2"]
                },
                "minecraft:health": {
                    "value": 80,
                    "max": 80
                },
                "minecraft:scale_by_age": {
                    "start_scale": 0.1,
                    "end_scale": 0.5
                },
                "minecraft:ageable": {
                    "duration": 6000,
                    "feed_items": [
                        {
                            "item": "fish",
                            "growth": 0.016667
                        },
                        {
                            "item": "salmon",
                            "growth": 0.025
                        }
                    ],
                    "grow_up": {
                        "event": "ck:transform_to_adult_tamed",
                        "target": "self"
                    }
                },
                "minecraft:behavior.owner_hurt_by_target": {
                    "priority": 1
                },
                "minecraft:behavior.hurt_by_target": {
                    "priority": 2
                },
                "minecraft:behavior.owner_hurt_target": {
                    "priority": 0
                },
                "minecraft:leashable": {
                    "soft_distance": 4.0,
                    "hard_distance": 6.0,
                    "max_distance": 10.0
                },
                "minecraft:attack": {
                    "damage": [6, 15]
                },
                "minecraft:behavior.melee_attack": {
                    "priority": 1,
                    "speed_multiplier": 1.02,
                    "reach_multiplier": 1.0
                }
            },
            
            "baby_wyvern":{
                "minecraft:tameable": {
                    "probability": 0.33,
                    "tame_items": [ "fish", "salmon" ],
                    "tame_event": {
                        "event": "ck:wyvern_tamed",
                        "target": "self"
                    }
                },
                "minecraft:behavior.follow_parent": {
                    "priority": 5,
                    "speed_multiplier": 1.1
                }
            },
            
            "tamed_wyvern":{
                "minecraft:is_tamed": {},
                "minecraft:behavior.find_mount": {
                    "priority": 1,
                    "avoid_water": true,
                    "mount_distance": -1.0,
                    "within_radius": 3,
                    "start_delay": 5.0,
                    "max_failed_attempts": 20
                },
                "minecraft:behavior.follow_owner": {
                    "priority": 1,
                    "speed_multiplier": 1.5,
                    "start_distance": 15,
                    "stop_distance": 2
                },
                "minecraft:sittable": {},
                "minecraft:behavior.stay_while_sitting": {
                    "priority": 0
                }
            }
            
        },
        
        "components": {
            "minecraft:physics": {
                "has_gravity": true,
                "has_collision": true
            },
            "minecraft:fire_immune": true,
            "minecraft:breathable": {
                "total_supply": 15,
                "suffocate_time": 0
            },
            "minecraft:navigation.walk": {
                "can_path_over_water": true,
                "avoid_water": true,
                "avoid_damage_blocks": true
            },
            "minecraft:movement.basic": {},
            "minecraft:jump.static": {},
            "minecraft:can_climb": {},
            "minecraft:nameable": {},
            "minecraft:movement": {
                "value": 0.25
            },
            "minecraft:behavior.float": {
                "priority": 0
            },
            "minecraft:behavior.panic": {
                "priority": 1,
                "speed_multiplier": 1.25
            },
            "minecraft:behavior.tempt": {
                "priority": 4,
                "speed_multiplier": 1.25,
                "items": [
                    "salmon",
                    "fish"
                ]
            },
            "minecraft:behavior.nap": {
                "priority": 3,
                "cooldown_min": 15.0,
                "cooldown_max": 30.0,
                "mob_detect_dist": 6.0,
                "mob_detect_height": 6.0,
                "can_nap_filters": {
                    "all_of": [
                        {
                            "test": "in_water",
                            "subject": "self",
                            "operator": "==",
                            "value": false
                        },
                        {
                            "test": "on_ground",
                            "subject": "self",
                            "operator": "==",
                            "value": true
                        },
                        {
                            "test": "is_weather",
                            "subject": "self",
                            "operator": "!=",
                            "value": "thunderstorm"
                        }
                    ]
                },
                "wake_mob_exceptions": {
                    "any_of": [
                        { 
                            "test": "is_owner", 
				            "subject": "player", 
				            "operator": "equals", 
				            "value": true
				        },
                        {
                            "test": "is_family",
                            "subject": "other",
                            "operator": "==",
                            "value": "wyvern"
                        },
                        {
                            "test": "is_sneaking",
                            "subject": "other",
                            "operator": "==",
                            "value": true
                        }
                    ]
                }
            },
            "minecraft:behavior.random_stroll": {
                "priority": 6,
                "speed_multiplier": 0.8
            },
            "minecraft:behavior.look_at_player": {
                "priority": 7,
                "look_distance": 6.0,
                "probability": 0.02
            },
            "minecraft:behavior.random_look_around": {
                "priority": 9
            },
            "minecraft:pushable": {
                "is_pushable": false,
                "is_pushable_by_piston": true
            },
            "minecraft:collision_box": {
                "width": 4,
                "height": 2
            },
            "minecraft:damage_sensor": {
                "triggers": {
                    "cause": "fall",
                    "deals_damage": false
                }
            }
        },
        
        "events": {
            
            "minecraft:entity_spawned": {
                "sequence": [
                    {
                        "randomize": [
                            {
                                "weight": 25,
                                
                                "add": {
                                    "component_groups": [
                                        "variant_zero",
                                        "baby_wyvern",
                                        "baby_wyvern_1"
                                    ]
                                }
                            },
                            {
                                "weight": 25,
                                
                                "add": {
                                    "component_groups": [
                                        "variant_one",
                                        "baby_wyvern",
                                        "baby_wyvern_1"
                                    ]
                                }
                            },
                            {
                                "weight": 25,
                                
                                "add": {
                                    "component_groups": [
                                        "variant_two",
                                        "baby_wyvern",
                                        "baby_wyvern_1"
                                    ]
                                }
                            }
                        ]
                    }
                ]
            },
            
            "wyvern_fire_baby": {
                "add": {
                    "component_groups": [
                        "baby_wyvern",
                        "variant_zero",
                        "baby_wyvern_1"
                    ]
                }
            },
            "wyvern_ice_baby": {
                "add": {
                    "component_groups": [
                        "baby_wyvern",
                        "variant_one",
                        "baby_wyvern_1"
                    ]
                }
            },
            "wyvern_poison_baby": {
                "add": {
                    "component_groups": [
                        "baby_wyvern",
                        "variant_two",
                        "baby_wyvern_1"
                    ]
                }
            },
            "ck:wyvern_tamed": {
                "add": {
                    "component_groups": [
                        "tamed_wyvern"
                    ]
                },
                "remove": {
                    "component_groups": [
                        "wyvern_baby"
                    ]
                }
            },
            "ck:wyvern_baby_2": {
                "add": {
                    "component_groups": [
                        "baby_wyvern_2"
                    ]
                },
                "remove": {
                    "component_groups": [
                        "baby_wyvern_1"
                    ]
                }
            },
            
            "ck:transform_to_adult_tamed": {
                "sequence": [
                    {
                        "filters": {
                            "test": "has_component",
                            "operator": "==",
                            "value": "minecraft:is_tamed"
                        },
                        "randomize": [
                            {
                                "weight": 25,
                                "randomize": [
                                    {
                                        "weight": 25,
                                        "filters": {
                                            "test": "is_variant",
                                            "value": 0
                                        },
                                        "add": {
                                        "component_groups": [
                                            "wyvern_male_transforming_to_tamed_var_zero"
                                        ]
                                        },
                                        "remove": {
                                        "component_groups": [
                                            "baby_wyvern_2"
                                        ]
                                        }
                                    },
                                    {
                                        "weight": 25,
                                        "filters": {
                                            "test": "is_variant",
                                            "value": 1
                                        },
                                        "add": {
                                        "component_groups": [
                                            "wyvern_male_transforming_to_tamed_var_one"
                                        ]
                                        },
                                        "remove": {
                                        "component_groups": [
                                            "baby_wyvern_2"
                                        ]
                                        }
                                    },
                                    {
                                        "weight": 25,
                                        "filters": {
                                            "test": "is_variant",
                                            "value": 2
                                        },
                                        "add": {
                                        "component_groups": [
                                            "wyvern_male_transforming_to_tamed_var_two"
                                        ]
                                        },
                                        "remove": {
                                        "component_groups": [
                                            "baby_wyvern_2"
                                        ]
                                        }
                                    }
                                ]
                            },
                            {
                                "weight": 25,
                                "randomize": [
                                    {
                                        "weight": 25,
                                        "filters": {
                                            "test": "is_variant",
                                            "value": 0
                                        },
                                        "add": {
                                        "component_groups": [
                                            "wyvern_female_transforming_to_tamed_var_zero"
                                        ]
                                        },
                                        "remove": {
                                        "component_groups": [
                                            "baby_wyvern_2"
                                        ]
                                        }
                                    },
                                    {
                                        "weight": 25,
                                        "filters": {
                                            "test": "is_variant",
                                            "value": 1
                                        },
                                        "add": {
                                        "component_groups": [
                                            "wyvern_female_transforming_to_tamed_var_one"
                                        ]
                                        },
                                        "remove": {
                                        "component_groups": [
                                            "baby_wyvern_2"
                                        ]
                                        }
                                    },
                                    {
                                        "weight": 25,
                                        "filters": {
                                            "test": "is_variant",
                                            "value": 2
                                        },
                                        "add": {
                                        "component_groups": [
                                            "wyvern_female_transforming_to_tamed_var_two"
                                        ]
                                        },
                                        "remove": {
                                        "component_groups": [
                                            "baby_wyvern_2"
                                        ]
                                        }
                                    }
                                ]
                            }
                        ]
                    },
                    {
                        "filters": {
                            "test": "has_component",
                            "operator": "!=",
                            "value": "minecraft:is_tamed"
                        },
                        "sequence": [
                            {
                                "filters": {
                                    "test": "is_variant",
                                    "value": 0
                                },
                                "add": {
                                    "component_groups": [ "wyvern_transforming_to_untamed_var_zero"
                                    ]
                                },
                                "remove": {
                                    "component_groups": [
                                        "baby_wyvern_2"
                                    ]
                                }
                            },
                            {
                                "filters": {
                                    "test": "is_variant",
                                    "value": 1
                                },
                                "add": {
                                    "component_groups": [ "wyvern_transforming_to_untamed_var_one"
                                    ]
                                },
                                "remove": {
                                    "component_groups": [
                                        "baby_wyvern_2"
                                    ]
                                }
                            },
                            {
                                "filters": {
                                    "test": "is_variant",
                                    "value": 2
                                },
                                "add": {
                                    "component_groups": [ "wyvern_transforming_to_untamed_var_two"
                                    ]
                                },
                                "remove": {
                                    "component_groups": [
                                        "baby_wyvern_2"
                                    ]
                                }
                            }
                        ]
                    }
                ]
            }
        }
    }
}