{
  "format_version": "1.8.0",
  "render_controllers": {
      
    "controller.render.dragon": {
      "rebuild_animation_matrices": true,
      "arrays": {
        "textures": {
          "Array.skins": [
            "Texture.var_zero",
            "Texture.var_one",
            "Texture.var_two",
            "Texture.var_three"
          ]
        }
      },
      "geometry": "Geometry.default",
      "part_visibility": [
        {
            "leashed*": "query.is_tamed",
            "collarRing*": "query.is_leashed"
        }
      ],
      "materials": [ 
          { "*": "Material.default" },
        { "leashed*": "Material.les" }
      ],
      "textures": [ "Array.skins[query.variant]" ]
    },
    
    "controller.render.dragon_saddle": {
      "geometry": "Geometry.saddle",
      "rebuild_animation_matrices": true,
      "part_visibility": [
        {
            "*": "query.is_saddled"
        }
      ],
      "materials": [
        { "*": "Material.default" }
      ],
      "textures": [
        "Texture.saddle"
      ]
    },
    
    "controller.render.dragon_egg": {
      "rebuild_animation_matrices": true,
      "arrays": {
        "textures": {
          "Array.skins": [
            "Texture.var_zero",
            "Texture.var_one",
            "Texture.var_two",
            "Texture.var_three",
            "Texture.egg"
          ]
        },
        
        "geometries": {
          "Array.geos": [ "Geometry.default", "Geometry.egg" ]
        }
      },
      "geometry": "Array.geos[query.is_sheared]",
      "part_visibility": [
        { 
            "saddle*": "query.is_saddled",
            "leashed*": "query.is_tamed",
            "collarRing*": "query.is_leashed"
        }
      ],
      "materials": [ { "*": "Material.default" } ],
      "textures": [ "Array.skins[query.variant]" ]
    }
  }
}



