{
  "format_version": "1.8.0",
  "render_controllers": {
      
    "controller.render.orc": {
      "rebuild_animation_matrices": true,
      "geometry": "Geometry.default",
      "materials": [ { "*": "Material.default" } ],
      "textures": [ "Texture.default" ]
    },
    
    "controller.render.orc_armor": {
      "rebuild_animation_matrices": true,
      "geometry": "Geometry.armor",
      "materials": [ { "*": "Material.default" } ],
      "textures": [ "Texture.armor" ]
    }
  }
}
