{
  "format_version": "1.8.0",
  "render_controllers": {
    
    "controller.render.wings": {
      "geometry": "Geometry.wings",
      "materials": [ { "*": "Material.default" } ],
      "textures": [ "Texture.wings" ],
      "part_visibility": [
        {
            "*": "query.skin_id > 0"
        }
      ],
      "overlay_color": {
        "r": "query.skin_id == 1 ? 1 : 0",
        "g": 0,
        "b": 0,
        "a": "query.skin_id == 1 ? 0.7 : query.skin_id == 3 ? 0.9 : 0"
      }
    }
  }
}