{
    "format_version": "1.8.0",
    "minecraft:spawn_rules": {
        "description": {
            "identifier": "ck:angler_fish",
            "population_control": "water_animal"
        },
        "conditions": [
      {
        "minecraft:density_limit": {
          "surface":5
        },
        "minecraft:spawns_on_surface": {},
        "minecraft:spawns_underwater": {},

        "minecraft:distance_filter": {
          "min": 20,
          "max": 32
        },
        "minecraft:weight": {
          "default": 45
        },
        "minecraft:herd": {
          "min_size":1,
          "max_size":3
        },

        "minecraft:biome_filter": {
		  "all_of": [
			{ "test": "has_biome_tag", "operator":"==", "value": "ocean"},
			{ "test": "has_biome_tag", "operator":"==", "value": "deep"}
		  ]
        }
      }
        ]
    }
}