{
  "format_version": "1.8.0",
  "minecraft:spawn_rules": {
    "description": {
      "identifier": "ck:dragon_untamed",
      "population_control": "animal"
    },
    "conditions": [
      {
        "minecraft:spawns_on_surface": {},
        "minecraft:spawns_on_block_filter": "minecraft:grass",
        "minecraft:brightness_filter": {
          "min": 7,
          "max": 15,
          "adjust_for_weather": false
        },
        "minecraft:weight": {
          "default": 30
        },
        "minecraft:herd": {
          "min_size":1,
          "max_size":1
        },
    
        "minecraft:biome_filter": {
          "test": "has_biome_tag", "operator":"==", "value": "extreme_hills"
        }
      },
      {
        "minecraft:spawns_on_surface":{},
        "minecraft:brightness_filter": {
          "min": 0,
          "max": 7,
          "adjust_for_weather": false
        },
        "minecraft:difficulty_filter": {
          "min": "easy",
          "max": "hard"
        },
        "minecraft:weight": {
          "default": 15
        },
        "minecraft:herd": [
            {
                "min_size": 1,
                "max_size": 2
            }
        ],
        "minecraft:biome_filter": {
            "any_of":[
                {
                    "test": "has_biome_tag",
                    "operator": "==",
                    "value": "scorched_hills"
                },
                {
                    "test": "has_biome_tag",
                    "operator": "==",
                    "value": "frostbitten_hills"
                },
                {
                    "test": "has_biome_tag",
                    "operator": "==",
                    "value": "toxic_hills"
                }
            ]
        }
      }
    ]
  }
}