{
  "format_version": "1.8.0",
  "minecraft:spawn_rules": {
    "description": {
      "identifier": "ck:orc",
      "population_control": "monster"
    },
    "conditions": [
      {
        "minecraft:spawns_underground": {},
        "minecraft:brightness_filter": {
          "min": 0,
          "max": 7,
          "adjust_for_weather": true
        },
        "minecraft:difficulty_filter": {
          "min": "easy",
          "max": "hard"
        },
        "minecraft:weight": {
          "default": 15
        },
        "minecraft:herd": [
            {
                "min_size": 2,
                "max_size": 5,
                "event": "ck:orc_normal"
            }
        ],
        "minecraft:biome_filter": {
          "test": "has_biome_tag", "operator": "==", "value": "monster"
        }
      },
      {
        "minecraft:spawns_on_surface": {},
        "minecraft:brightness_filter": {
          "min": 0,
          "max": 7,
          "adjust_for_weather": true
        },
        "minecraft:difficulty_filter": {
          "min": "easy",
          "max": "hard"
        },
        "minecraft:weight": {
          "default": 70
        },
        "minecraft:density_limit": {
          "surface":2
        },
        "minecraft:herd": [
            {
                "min_size": 0,
                "max_size": 1,
                "event": "ck:orc_captain"
            }
        ],
        "minecraft:biome_filter": {
          "test": "has_biome_tag", "operator": "==", "value": "monster"
        }
      }
    ]
  }
}