{
	"format_version": "1.10.0",
	"animation_controllers": {
		"controller.animation.walk_animate": {
			"states": {
				"default": {
					"transitions": [
						{
							"walk_animate_on": "query.is_on_ground"
						},
						{
							"walk_animate_off": "query.is_sheared && !query.is_on_ground"
						}
					]
				},
				"walk_animate_on": {
					"on_entry": [
						"@s ar:walk_animate_on"
					],
					"transitions": [
						{
							"default": "1"
						}
					]
				},
				"walk_animate_off": {
					"on_entry": [
						"@s ar:walk_animate_off"
					],
					"transitions": [
						{
							"default": "query.is_sheared && query.is_on_ground"
						}
					]
				}
			}
		}
	}
}
