{
	"format_version":"1.8.0",
	"geometry.double_wings": {
		"texturewidth": 44,
		"textureheight": 26,
		"bones": [
			{
				"name": "rightWingDOWN",
				"pivot": [0, 0, 0],
				"rotation": [0, 0, -20],
				"cubes": [
					{"origin": [-6, -3, 0], "size": [2, 8, 0], "uv": [4, 0]},
					{"origin": [-4, 0, 0], "size": [2, 4, 0], "uv": [0, 0]},
					{"origin": [-8, -6, 0], "size": [2, 13, 0], "uv": [8, 0]},
					{"origin": [-13, -2, 0], "size": [5, 11, 0], "uv": [12, 0]},
					{"origin": [-18, 1, 0], "size": [5, 9, 0], "uv": [22, 0]},
					{"origin": [-24, 8, 0], "size": [6, 2, 0], "uv": [32, 0]}
				]
			},
			{
				"name": "rightWingUP",
				"pivot": [0, 0, 0],
				"rotation": [0, 0, 10],
				"cubes": [
					{"origin": [-7, 4, 1], "size": [2, 8, 0], "uv": [4, 0]},
					{"origin": [-5, 7, 1], "size": [2, 4, 0], "uv": [0, 0]},
					{"origin": [-9, 1, 1], "size": [2, 13, 0], "uv": [8, 0]},
					{"origin": [-14, 5, 1], "size": [5, 11, 0], "uv": [12, 0]},
					{"origin": [-19, 8, 1], "size": [5, 9, 0], "uv": [22, 0]},
					{"origin": [-25, 15, 1], "size": [6, 2, 0], "uv": [32, 0]}
				]
			},
			{
				"name": "leftWingDOWN",
				"pivot": [0, 0, 0],
				"rotation": [0, 0, 20],
				"mirror": true,
				"cubes": [
					{"origin": [4, -3, 0], "size": [2, 8, 0], "uv": [4, 13]},
					{"origin": [2, 0, 0], "size": [2, 4, 0], "uv": [0, 13]},
					{"origin": [6, -6, 0], "size": [2, 13, 0], "uv": [8, 13]},
					{"origin": [8, -2, 0], "size": [5, 11, 0], "uv": [12, 13]},
					{"origin": [13, 1, 0], "size": [5, 9, 0], "uv": [22, 13]},
					{"origin": [18, 8, 0], "size": [6, 2, 0], "uv": [32, 13]}
				]
			},
			{
				"name": "leftWingUP",
				"pivot": [0, 0, 0],
				"rotation": [0, 0, -10],
				"mirror": true,
				"cubes": [
					{"origin": [5, 4, 1], "size": [2, 8, 0], "uv": [4, 13]},
					{"origin": [3, 7, 1], "size": [2, 4, 0], "uv": [0, 13]},
					{"origin": [7, 1, 1], "size": [2, 13, 0], "uv": [8, 13]},
					{"origin": [9, 5, 1], "size": [5, 11, 0], "uv": [12, 13]},
					{"origin": [14, 8, 1], "size": [5, 9, 0], "uv": [22, 13]},
					{"origin": [19, 15, 1], "size": [6, 2, 0], "uv": [32, 13]}
				]
			}
		]
	}
}