{
  "format_version":"1.8.0",
  "geometry.single_wings": {
    "texturewidth": 44,
    "textureheight": 13,
    "bones": [
      {
        "name": "rightWing",
        "pivot": [0, 0, 0],
        "cubes": [
          {
            "origin": [-6, 3, 0],
            "size": [2, 8, 0],
            "uv": [4, 0]
          },
          {
            "origin": [-4, 6, 0],
            "size": [2, 4, 0],
            "uv": [0, 0]
          },
          {
            "origin": [-8, 0, 0],
            "size": [2, 13, 0],
            "uv": [8, 0]
          },
          {
            "origin": [-13, 4, 0],
            "size": [5, 11, 0],
            "uv": [12, 0]
          },
          {
            "origin": [-18, 7, 0],
            "size": [5, 9, 0],
            "uv": [22, 0]
          },
          {
            "origin": [-24, 14, 0],
            "size": [6, 2, 0],
            "uv": [32, 0]
          }
        ]
      },
      {
        "name": "leftWing",
        "pivot": [0, 0, 0],
        "mirror": true,
        "cubes": [
          {
            "origin": [4, 3, 0],
            "size": [2, 8, 0],
            "uv": [4, 0]
          },
          {
            "origin": [2, 6, 0],
            "size": [2, 4, 0],
            "uv": [0, 0]
          },
          {
            "origin": [6, 0, 0],
            "size": [2, 13, 0],
            "uv": [8, 0]
          },
          {
            "origin": [8, 4, 0],
            "size": [5, 11, 0],
            "uv": [12, 0]
          },
          {
            "origin": [13, 7, 0],
            "size": [5, 9, 0],
            "uv": [22, 0]
          },
          {
            "origin": [18, 14, 0],
            "size": [6, 2, 0],
            "uv": [32, 0]
          }
        ]
      }
    ]
  }
}