{
    "resource_pack_name": "vanilla",
    "texture_name": "atlas.terrain",
    "padding": 8,
    "num_mip_levels": 4,
    "texture_data": {
        "fire_dracolyte_ore": {
            "textures": "textures/blocks/fire_biome_blocks/fire_dracolyte_ore"
        },
        "ice_dracolyte_ore": {
            "textures": "textures/blocks/ice_biome_blocks/ice_dracolyte_ore"
        },
        "poison_dracolyte_ore": {
            "textures": "textures/blocks/poison_biome_blocks/poison_dracolyte_ore"
        },
        "stone_scorched": {
            "textures": "textures/blocks/fire_biome_blocks/stone_scorched"
        },
        "fossil_block": {
            "textures": "textures/blocks/fossil_block"
        },
        "flamesoil": {
            "textures": "textures/blocks/fire_biome_blocks/flamesoil"
        },
        "flamestone": {
            "textures": "textures/blocks/fire_biome_blocks/flamestone"
        },
        "flamerack": {
            "textures": "textures/blocks/fire_biome_blocks/flamerack"
        },
        "volcanic_block": {
            "textures": "textures/blocks/fire_biome_blocks/volcanic_block"
        },
        "f_planks": {
            "textures": "textures/blocks/fire_biome_blocks/f_planks"
        },
        "f_logs": {
            "textures": "textures/blocks/fire_biome_blocks/f_logs"
        },
        "f_leaves": {
            "textures": "textures/blocks/fire_biome_blocks/f_leaves"
        },
        "frostsoil": {
            "textures": "textures/blocks/ice_biome_blocks/frostsoil"
        },
        "froststone": {
            "textures": "textures/blocks/ice_biome_blocks/froststone"
        },
        "frostrack": {
            "textures": "textures/blocks/ice_biome_blocks/frostrack"
        },
        "curved_froststone": {
            "textures": "textures/blocks/ice_biome_blocks/curved_froststone"
        },
        "i_planks": {
            "textures": "textures/blocks/ice_biome_blocks/i_planks"
        },
        "i_logs": {
            "textures": "textures/blocks/ice_biome_blocks/i_logs"
        },
        "i_leaves": {
            "textures": "textures/blocks/ice_biome_blocks/i_leaves"
        },
        "venomsoil": {
            "textures": "textures/blocks/poison_biome_blocks/venomsoil"
        },
        "venomstone": {
            "textures": "textures/blocks/poison_biome_blocks/venomstone"
        },
        "venomrack": {
            "textures": "textures/blocks/poison_biome_blocks/venomrack"
        },
        "nested_rack": {
            "textures": "textures/blocks/poison_biome_blocks/nested_rack"
        },
        "p_planks": {
            "textures": "textures/blocks/poison_biome_blocks/p_planks"
        },
        "p_logs": {
            "textures": "textures/blocks/poison_biome_blocks/p_logs"
        },
        "p_leaves": {
            "textures": "textures/blocks/poison_biome_blocks/p_leaves"
        },
        "dragon_nest": {
            "textures": "textures/blocks/dragon_nest"
        }
    }
}