{
  "format_version": "1.13.0",
  "minecraft:biome": {
    "description": {
      "identifier": "frostbitten_river"
    },
    "components": {
      "minecraft:climate": {
        "downfall": 0.9,
      "snow_accumulation": [ 0.2, 0.55 ],
        "temperature": -3.0
      },
      "minecraft:overworld_height": {
         "noise_type": "river"
      },
      "minecraft:overworld_surface": {
        "floor_depth": -7,
        "floor_material": "ck:frostsoil",
        "foundation_material": "ck:froststone",
        "mid_material": "ck:frostrack",
        "top_material": "minecraft:ice"
      },

      "overworld": {},
    "frostbitten": {}
    }
  }
}
