{
  "format_version": "1.13.0",
  "minecraft:biome": {
    "description": {
      "identifier": "frostbitten_mutated"
    },
    "components": {
      "minecraft:climate": {
      "downfall": 0.05,
      "snow_accumulation": [ 0.2, 0.55 ],
      "temperature": -3.6
    },
    "minecraft:overworld_height": {
      "noise_params": [ 0.3625, 1.225 ]
    },
    "minecraft:overworld_surface": {
      "floor_depth": 7,
      "floor_material": "ck:frostsoil",
      "foundation_material": "ck:froststone",
      "mid_material": "ck:frostrack",
      "top_material": "ck:frostrack"
    },

    "animal": {},
    "monster": {},
    "overworld": {},
    "frostbitten": {}
    }
  }
}
