{
  "format_version": "1.13.0",
  "minecraft:biome": {
    "description": {
      "identifier": "scorched_less_hills"
    },
    "components": {
      "minecraft:climate": {
        "downfall": 0.0,
        "snow_accumulation": [ 0.0, 0.0 ],
        "temperature": 3.5
      },
      "minecraft:overworld_height": {
        "noise_type": "less_extreme"
      },
      "minecraft:overworld_surface": {
        "floor_depth": 7,
        "floor_material": "ck:flamesoil",
        "foundation_material": "ck:flamestone",
        "mid_material": "ck:flamerack",
        "top_material": "ck:flamerack"
      },

      "animal": {},
      "monster": {},
      "overworld_generation": {},
    "scorched": {}
    }
  }
}
