{
  "format_version": "1.13.0",
  "minecraft:biome": {
    "description": {
      "identifier": "toxic_river"
    },
    "components": {
      "minecraft:climate": {
        "downfall": 0.0,
        "snow_accumulation": [ 0.0, 0.0 ],
        "temperature": 2.0
      },
      "minecraft:overworld_height": {
         "noise_type": "river"
      },
      "minecraft:overworld_surface": {
        "floor_depth": -7,
        "floor_material": "ck:venomsoil",
        "foundation_material": "ck:venomstone",
        "mid_material": "ck:venomrack",
        "top_material": "minecraft:water"
      },

      "overworld": {},
    "toxic": {}
    }
  }
}
