{
  "format_version": "1.13.0",
  "minecraft:biome": {
    "description": {
      "identifier": "toxic_mutated"
    },
    "components": {
      "minecraft:climate": {
      "downfall": 0.0,
      "snow_accumulation": [ 0.0, 0.0 ],
      "temperature": 2.6
    },
    "minecraft:overworld_height": {
      "noise_params": [ 0.3625, 1.225 ]
    },
    "minecraft:overworld_surface": {
      "floor_depth": 7,
      "floor_material": "ck:venomsoil",
      "foundation_material": "ck:venomstone",
      "mid_material": "ck:venomrack",
      "top_material": "ck:venomrack"
    },

    "animal": {},
    "monster": {},
    "overworld": {},
    "toxic": {}
    }
  }
}
