{
  "format_version": "1.13.0",
  "minecraft:biome": {
    "description": {
      "identifier": "toxic_hills"
    },
    "components": {
     "minecraft:climate": {
      "downfall": 0.0,
      "snow_accumulation": [ 0.0, 0.0 ],
      "temperature": 2.0
    },
    "minecraft:overworld_height": {
      "noise_params": [ 2.56, 0.64 ]
    },
    "minecraft:overworld_surface": {
      "floor_depth": 0,
      "floor_material": "ck:venomsoil",
      "foundation_material": "ck:venomstone",
      "mid_material": "ck:venomrack",
      "top_material": "ck:venomrack"
    },
    "minecraft:world_generation_rules": {
      "mutate_transformation": "toxic_hills_mutated",
      "hills_transformation": [
          [ "toxic_less_hills", 3 ]
          
       ]
    },
     
    "animal": {},
    "monster": {},
    "overworld": {},
    "toxic": {}
    }
  }
}
