{
  "format_version": "1.13.0",
  "minecraft:biome": {
    "description": {
      "identifier": "toxic"
    },
    "components": {
    "minecraft:climate": {
      "downfall": 0.0,
      "snow_accumulation": [ 0.0, 0.0 ],
      "temperature": 2.0
    },
    "minecraft:overworld_height": {
      "noise_type": "lowlands"
    },
    "minecraft:overworld_surface": {
      "floor_depth": 7,
      "floor_material": "ck:venomrack",
      "foundation_material": "ck:venomrack",
      "mid_material": "ck:venomrack",
      "top_material": "ck:venomrack"
    },
    "minecraft:world_generation_rules": {
      "hills_transformation": "toxic_hills",
      "mutate_transformation": "toxic_mutated",
      "shore_transformation": "toxic_river",
      "river_transformation": "toxic_river",
      "generate_for_climates": [
          [ "medium", 1 ]
      ]
    },

    "animal": {},
    "monster": {},
    "overworld": {},
    "toxic": {},
    "toxic_land": {}
    }
  }
}
