{
	"format_version": "1.12.0",
	"minecraft:geometry": [
		{
			"description": {
				"identifier": "geometry.dragon_wing",
				"texture_width": 64,
				"texture_height": 64,
				"visible_bounds_width": 5,
				"visible_bounds_height": 2,
				"visible_bounds_offset": [0, 1, 0]
			},
			"bones": [
				{
					"name": "body",
					"pivot": [0, 24, 0]
				},
				{
					"name": "rwing",
					"parent": "body",
					"pivot": [-1, 20, 2],
					"rotation": [0, 35, 0],
					"cubes": [
						{"origin": [-15, 18, 2], "size": [14, 2, 2], "pivot": [-1, 20, 2], "rotation": [-90, 0, 0], "uv": [32, 50]},
						{"origin": [-15, 19, 3.5], "size": [14, 0, 14], "pivot": [-1, 20, 2], "rotation": [-90, 0, 0], "uv": [0, 22]}
					]
				},
				{
					"name": "rwing2",
					"parent": "rwing",
					"pivot": [-15, 19, 1],
					"cubes": [
						{"origin": [-29, 18.5, 0.5], "size": [14, 1, 1], "pivot": [-15, 19, 1], "rotation": [-90, -25, 0], "uv": [32, 62]},
						{"origin": [-29, 19, 1.5], "size": [14, 0, 14], "pivot": [-15, 19, 1], "rotation": [-90, -25, 0], "uv": [0, 36]}
					]
				},
				{
					"name": "lwing",
					"parent": "body",
					"pivot": [1, 20, 2],
					"rotation": [0, -35, 0],
					"cubes": [
						{"origin": [1, 18, 2], "size": [14, 2, 2], "pivot": [1, 20, 2], "rotation": [-90, 0, 0], "uv": [32, 50], "mirror": true},
						{"origin": [1, 19, 3.5], "size": [14, 0, 14], "pivot": [1, 20, 2], "rotation": [-90, 0, 0], "uv": [0, 22], "mirror": true}
					]
				},
				{
					"name": "lwing2",
					"parent": "lwing",
					"pivot": [15, 19, 1],
					"cubes": [
						{"origin": [15, 18.5, 0.5], "size": [14, 1, 1], "pivot": [15, 19, 1], "rotation": [-90, 25, 0], "uv": [32, 62], "mirror": true},
						{"origin": [15, 19, 1.5], "size": [14, 0, 14], "pivot": [15, 19, 1], "rotation": [-90, 25, 0], "uv": [0, 36], "mirror": true}
					]
				}
			]
		}
	]
}