{
  "format_version": "1.10.0",
  "minecraft:block": {
    "description": {
      "identifier": "ck:nested_rack_s",
      "is_experimental": false,
      "register_to_creative_menu": false
    },
    "components": {

      "minecraft:destroy_time": {
        "value": 50.0
      },
      "minecraft:explosion_resistance": {
        "value": 1.0
      },
      "minecraft:block_light_emission": {
          "emission": 0.5
      },
       "minecraft:map_color": {
        "color": "#FEd1DA"
      }
    }
  }
}