{
  "format_version": "1.10.0",
  "minecraft:client_entity": {
    "description": {
      "identifier": "ck:poison_wyvern_egg",
      "spawn_egg": {
          "texture": "poison_egg"
      },
      "materials": { "default": "zombie" },
      "textures": {
        "default": "textures/entity/wyvern/wyvern_egg_poison"
      },
      "geometry": {
        "default": "geometry.wyvern_egg"
      },
      "render_controllers": [ "controller.render.default" ],
      
      "animations": {
        "setup": "animation.wyvern_egg_shake"
      },
      "scripts": {
        "animate": [
          {"setup": "query.is_sheared"}
        ]
      }
    }
  }
}