{
  "format_version": "1.10.0",
  "minecraft:client_entity": {
    "description": {
      "identifier": "ck:wyvern_baby",
      "materials": { 
          "default": "zombie",
          "head": "phantom"
      },
      "textures": {
        "skin_0": "textures/entity/wyvern/wyvern_red",
        "skin_1": "textures/entity/wyvern/wyvern_blue",
        "skin_2": "textures/entity/wyvern/wyvern_green"
      },
      "geometry": {
        "default": "geometry.wyvern"
      },
      "spawn_egg": {
        "base_color": "#634e2f",
        "overlay_color": "#d0b899"
      },
      "render_controllers": 
          [ 
              "controller.render.wyvern"
      ],
      "animations": {
        "setup": "animation.wyvern.setup",
        "walk": "animation.wyvern.walking",
        "look": "animation.dragon.look_at_target",
        "fly": "animation.wyvern.fly",
        "blink": "animation.wyvern.blink",
        "sitting": "animation.wyvern.sit",
        "sleeping": "animation.wyvern.sleep",
        "growl": "animation.wyvern.growl_idle",
        "wiggle_tail": "animation.wyvern.tail",
        "ride": "animation.wyvern.ride_player",
        "general": "controller.animation.wyvern.general"
      },
      "scripts": {
        "pre_animation": 
            [
            "variable.tail = query.ground_speed == 0 ? Math.cos(query.anim_time * 150) *  5.0 : Math.sin(-query.yaw_speed) * 10;",
            "variable.tail1 = query.ground_speed == 0 ? Math.cos(query.anim_time * 100) *  5.0 : Math.sin(-query.yaw_speed) * 10;",
            "variable.tail2 = query.ground_speed == 0 ? Math.cos(query.anim_time * 80) *  5.0 : Math.sin(-query.yaw_speed) * 10;",
            "variable.tail3 = query.ground_speed == 0 ? Math.cos(query.anim_time * 60) *  5.0 : Math.sin(-query.yaw_speed) * 10;",
            "variable.tail4 = query.ground_speed == 0 ? Math.cos(query.anim_time * 50) *  5.0 : Math.sin(-query.yaw_speed) * 10;",
            "variable.tail5 = query.ground_speed == 0 ? Math.cos(query.anim_time * 20) *  5.0 : Math.sin(-query.yaw_speed) * 10;",
            "variable.tail6 = query.ground_speed == 0 ? Math.cos(query.anim_time * 10) *  5.0 : Math.sin(-query.yaw_speed) * 10;"
            ],
        "animate": [
            {"general": "!query.is_riding"},
            {"ride": "query.is_riding"}
            
        ]
      },
      "sound_effects": {
          "growl_sound": "mob.baby_wyvern.idle"
      }
    }
  }
}