{
    "format_version": "1.10.0",
    "particle_effect": {
      "description": {
        "identifier": "ck:dracolyte_pipe",
        "basic_render_parameters": {
          "material": "particles_alpha",
          "texture": "textures/particle/particles"
        }
      },
      "components": {
        "minecraft:emitter_shape_custom": {
          "offset": [ 0, 0, 0 ],
          "direction": [0.0 , 0.0, 0.0 ]
        },
        "minecraft:emitter_rate_instant": {
          "num_particles": 10
        },
        "minecraft:emitter_lifetime_expression": {
          "activation_expression": 1,
          "expiration_expression": 0
        },
        "minecraft:particle_initial_speed": "Math.random(0.5, 1.0)",
        "minecraft:particle_lifetime_expression": {
          "max_lifetime": "5"
        },
        "minecraft:particle_motion_dynamic": {
          "linear_acceleration": [ 0, 0.4, 0 ]
        },
        "minecraft:particle_motion_collision": {
          "enabled": "variable.particle_age > 1",
          "collision_radius": 0.25
        },
        "minecraft:particle_initialization": {
          "per_render_expression": "variable.size = 0.75 * math.pow(1.0-(variable.particle_age / variable.particle_lifetime), 0.08);"
        },
      "minecraft:particle_appearance_billboard": {
        "size": [ 0.2, 0.2 ],
        "facing_camera_mode": "lookat_xyz",
        "uv": {
          "texture_width": 128,
          "texture_height": 128,
          "flipbook": {
            "base_UV": [ 56, 0 ],
            "size_UV": [ 8, 8 ],
            "step_UV": [ -8, 0 ],
            "frames_per_second": 8,
            "max_frame": 8,
            "stretch_to_lifetime": true,
            "loop": false
          }
        }
      },
      "minecraft:particle_appearance_tinting": {
        "color": [ "variable.particle_random_1*0.5", "variable.particle_random_1*0.5", "variable.particle_random_1*0.5", 1.0 ]
      },
      "minecraft:particle_appearance_lighting": {}
      }
    }
  }
  