{
  "mob.enderdragon.death": {
    "category": "hostile",
    "sounds": [
      {
        "name": "sounds/mob/enderdragon/end",
        "volume": 8
      }
    ]
  },
  "mob.dragonone.step":{
    "category": "neutral",
    "sounds": [
      "sounds/mob/cow/step1",
      "sounds/mob/cow/step2",
      "sounds/mob/cow/step3",
      "sounds/mob/cow/step4"
    ]
      
  },
  "mob.dragonone.hit": {
    "category": "hostile",
    "sounds": [
      {
        "name": "sounds/mob/enderdragon/hit1",
        "volume": 7
      },
      {
        "name": "sounds/mob/enderdragon/hit2",
        "volume": 7
      },
      {
        "name": "sounds/mob/enderdragon/hit3",
        "volume": 7
      },
      {
        "name": "sounds/mob/enderdragon/hit4",
        "volume": 7
      }
    ]
  },
  "mob.dragonone.fly": {
    "category": "neutral",
    "sounds": [
      {
        "name": "sounds/mob/enderdragon/wings1",
        "volume": 5
      },
      {
        "name": "sounds/mob/enderdragon/wings2",
        "volume": 5
      },
      {
        "name": "sounds/mob/enderdragon/wings3",
        "volume": 5
      },
      {
        "name": "sounds/mob/enderdragon/wings4",
        "volume": 5
      },
      {
        "name": "sounds/mob/enderdragon/wings5",
        "volume": 5
      },
      {
        "name": "sounds/mob/enderdragon/wings6",
        "volume": 5
      }
    ]
  },
  "mob.dragonone.idle": {
    "category": "neutral",
    "sounds": [
      {
        "name": "sounds/mob/enderdragon/growl1",
        "volume": 5
      },
      {
        "name": "sounds/mob/enderdragon/growl2",
        "volume": 4
      },
      {
        "name": "sounds/mob/enderdragon/growl3",
        "volume": 5
      },
      {
        "name": "sounds/mob/enderdragon/growl4",
        "volume": 4
      }
    ]
  },
  "mob.serpent.idle": {
    "category": "neutral",
    "sounds": [
      {
        "name": "sounds/mob/serpent/serpent_idle_growl_1",
        "volume": 3
      },
      {
        "name": "sounds/mob/serpent/serpent_idle_growl_2",
        "volume": 3
      }
    ]
  },
  
  
  "mob.baby_dragon_angry": {
    "category": "neutral",
    "sounds": [
      "sounds/mob/horse/donkey/angry1",
      "sounds/mob/horse/donkey/angry2"
    ]
  },
  "mob.baby_dragon.hit": {
    "category": "neutral",
    "sounds": [
      "sounds/mob/horse/donkey/hit1",
      "sounds/mob/horse/donkey/hit2",
      "sounds/mob/horse/donkey/hit3"
    ]
  },
  "mob.baby_dragon.idle": {
    "category": "neutral",
    "sounds": [
      "sounds/mob/horse/donkey/idle1",
      "sounds/mob/horse/donkey/angry1",
      "sounds/mob/horse/donkey/death"
    ]
  },
  "mob.wyvern.idle": {
    "category": "neutral",
    "sounds": [
      "sounds/mob/wyvern/adult_growl/growl1",
      "sounds/mob/wyvern/adult_growl/growl2"
    ]
  },
  "mob.baby_wyvern.idle": {
    "category": "neutral",
    "sounds": [
      {
          "mame": "sounds/mob/wyvern/adult_growl/growl1",
          "pitch": 1.9
      },
      {
          "name": "sounds/mob/wyvern/adult_growl/growl2",
          "pitch": 2.4
          
      }
    ]
  },
    "mob.orc.idle": {
      "category": "neutral",
      "sounds": [
        "sounds/mob/orc/idle_1",
        "sounds/mob/orc/idle_2",
        "sounds/mob/orc/idle_3",
        "sounds/mob/orc/idle_4"
      ]
    },
    "mob.orc.hurt": {
      "category": "neutral",
      "sounds": [
        {
          "name": "sounds/mob/orc/hurt_1",
          "load_on_low_memory": true
        },
        "sounds/mob/orc/hurt_2"
      ]
    },
  "mob.wyvern.roar": {
    "category": "neutral",
    "sounds": [
      "sounds/mob/wyvern/roar/roar2"
    ]
  }
}