{
    "format_version": "1.14.0",
    "minecraft:entity": {
        "description": {
            "identifier": "ck:dracolyte_forge",
            "is_spawnable": false,
            "is_summonable": true,
            "is_experimental": false,
            "runtime_identifier": "minecraft:boat",
			"scripts": {
			    "animate": [
			        "spawning_d"
			    ]
			},
			"animations": {
			    "spawning_d": "controller.animation.dracolyte_forge"
			}
        },
        "component_groups": {
            "spawner":{
                "minecraft:is_sheared":{},
                "minecraft:scale":{
                    "value": 1.2
                },
                "minecraft:physics": {
                    "has_collision": false,
                    "has_gravity": false
                },
                "minecraft:breathable": {
                    "total_supply": 15,
                    "suffocate_time": 0,
                    "breathes_solids": true
                },
                "minecraft:collision_box": {
                    "width": 4,
                    "height": 4
                },
                "minecraft:interact": {
                    "interactions": [
                        {
                            "on_interact": {
                                "filters": {
                                    "all_of": [
				                        {
				                            "test": "is_family",
				                            "subject": "other",
				                            "value": "player"
				                        }
				                    ]
				                },
				                "event": "ck:placed"
				            },
				            "interact_text": "action.dracolyte_forge.place",
				            "swing": true
				        }
				    ]
                }
            },
            "placed": {
                "minecraft:scale":{
                    "value": 2.7
                },
                "minecraft:physics": {
                    "has_collision": true,
                    "has_gravity": true
                },
                "minecraft:economy_trade_table": {
                    "display_name": "action.dracolyte_forge.name",
                    "table": "trading/forger_trades.json",
                    "new_screen": false,
                    "persist_trade": true
                },
                "minecraft:collision_box": {
                    "width": 0.7,
                    "height": 0.7
                },
                "minecraft:interact": {
                    "interactions": [
                        {
                            "on_interact": {
                                "filters": {
                                    "all_of": [
				                        {
				                            "test": "is_family",
				                            "subject": "other",
				                            "value": "player"
				                        },
				                        {
				                            "test": "is_sneaking",
				                            "subject": "other",
				                            "operator": "equals",
				                            "value": true
				                        }
				                    ]
				                },
				                "event": "ck:dracolyte_forge_timer"
				            },
				            "interact_text": "action.dracolyte_forge.remove",
				            "swing": true
				        }
				    ]
                }
            },
            "dracolyte_forge_kill_hide": {
                "minecraft:spell_effects": {
                    "add_effects": [
                        {
                            "effect": "invisibility",
                            "duration": 999,
                            "amplifier": 1,
                            "visible": false
                        },
                        {
                            "effect": "fatal_poison",
                            "duration": 999,
                            "amplifier": 6,
                            "visible": false
                        }
                    ]
                }
            },
            "dracolyte_forge_invulnerable": {
                "minecraft:damage_sensor": {
                    "triggers": {
                        "cause": "any",
                        "deals_damage": false
                    }
                }
            },
            "dracolyte_forge_timer":{
                "minecraft:is_baby":{},
                "minecraft:scale":{
                    "value": 2.7
                },
                "minecraft:physics": {
                    "has_collision": true,
                    "has_gravity": true
                },
                "minecraft:timer": {
                    "time": 4.5,
                    "looping": false,
                    "time_down_event": {
                        "event": "ck:dracolyte_forge_kill_hide",
                        "target": "self"
                    }
                }
            }
        },
        "components": {
            "minecraft:is_stackable": {},
            "minecraft:type_family": {
                "family": [ "dracolyte_forge" ]
            },
            "minecraft:health":{
                "value": 1,
                "max": 1
            },
            "minecraft:loot": {
                "table": "loot_tables/entities/dracolyte_forge.json"
            }
        },
        "events":{
            "minecraft:entity_spawned": {
                "add":{
                    "component_groups": 
                    [
                        "spawner",
                        "dracolyte_forge_invulnerable"
                    ]
                }
            },
            "ck:placed":{
                "add":{
                    "component_groups": 
                    [
                        "placed"
                    ]
                },
                "remove":{
                    "component_groups": 
                    [
                        "spawner"
                    ]
                }
                
            },
            "ck:dracolyte_forge_timer":{
                "add":{
                    "component_groups": 
                    [
                        "dracolyte_forge_timer"
                    ]
                },
                "remove":{
                    "component_groups": 
                    [
                        "placed"
                    ]
                }
                
            },
            "ck:dracolyte_forge_kill_hide":{
                "add":{
                    "component_groups": 
                    [
                        "dracolyte_forge_kill_hide"
                    ]
                },
                "remove":{
                    "component_groups": 
                    [
                        "dracolyte_forge_invulnerable"
                    ]
                }
                
            }
        }
    }
}
