{
  "format_version": "1.14.0",
 "minecraft:entity": {
  "description": {
    "identifier": "ck:drag",
    "is_spawnable": false,
    "is_summonable": true,
    "is_experimental": false
  },
  "component_groups": {
      "kill_it":{
          "minecraft:is_sheared":{}
      }
  },
  "components": {
      "minecraft:type_family": {
          "family": [ "drag" ]
      },
   "minecraft:collision_box": {
    "width": 0.31,
    "height": 0.31
   },
   "minecraft:health":{
       "value": 1,
       "max": 1
   },
   
      "minecraft:despawn": {
        "remove_child_entities": true,
        "filters": {
          "all_of": [
            { "test": "distance_to_nearest_player", "operator": ">", "value": 8 }
          ]
        }
      },
   "minecraft:physics": {
       "has_collision": false,
       "has_gravity": false
   }
  },
  "events":{
  }
 }
}
