{
    "format_version": "1.14.0",
    "minecraft:entity": {
        "description": {
            "identifier": "ck:orc",
            "is_spawnable": true,
            "is_summonable": true,
            "is_experimental": false
        },
        "component_groups": {
            "orc_movement": {
                "minecraft:movement": {
                    "value": 0.3
                },
                "minecraft:behavior.random_look_around_and_sit": {
                    "priority": 8,
                    "min_look_count": 2,
                    "max_look_count": 5,
                    "min_look_time": 80,
                    "max_look_time": 100,
                    "probability": 0.001
                },
                "minecraft:behavior.float": {
                    "priority": 2
                },
                "minecraft:behavior.panic": {
                    "priority": 8,
                    "speed_multiplier": 1.25
                },
                "minecraft:behavior.random_stroll": {
                    "priority": 6,
                    "speed_multiplier": 0.8
                },
                "minecraft:behavior.look_at_player": {
                    "priority": 7,
                    "look_distance": 6.0,
                    "probability": 0.02
                },
                "minecraft:behavior.random_look_around": {
                    "priority": 4
                }
            },
            
            "melee_mode": {
                "minecraft:attack":{
                    "damage": [6, 15]
                },
                "minecraft:behavior.melee_attack": {
                    "priority": 5,
                    "speed_multiplier": 1.2,
                    "reach_multiplier": 2.5
                }
            },
            
            "orc_target":{
                "minecraft:behavior.nearest_attackable_target": {
                    "priority": 4,
                    "within_radius": 30,
                    "reselect_targets": true,
                    "entity_types": [
                        {
                            "filters": {
                                "test": "is_family",
                                "subject": "other",
                                "value": "player"
                            },
                            "max_dist": 30
                        }
                    ],
                    "must_see": true
                }
            },
            
            "orc_stunned": {
                "minecraft:is_stunned": {},
                "minecraft:push_through": {
                    "value": 1
                },
                "minecraft:timer": {
                    "looping": false,
                    "time": 3,
                    "time_down_event": {
                        "event": "ck:orc_start_roar"
                    }
                }
            },
            
            "orc_roaring": {
                "minecraft:push_through": {
                    "value": 1
                },
                "minecraft:behavior.knockback_roar": {
                    "priority": 1,
                    "duration": 1,
                    "attack_time": 0.5,
                    "knockback_damage": 6,
                    "knockback_strength": 3,
                    "knockback_range": 4,
                    "knockback_filters": {
                        "test": "is_family",
                        "subject": "other",
                        "operator": "!=",
                        "value": "orc"
                    },
                    "damage_filters": {
                        "test": "is_family",
                        "subject": "other",
                        "operator": "!=",
                        "value": "orc"
                    },
                    "on_roar_end": {
                        "event": "ck:orc_end_roar"
                    },
                    "cooldown_time": 0.8
                }
            },
            
            "orc_captain": {
                "minecraft:is_illager_captain": {},
                "minecraft:type_family": {
                    "family": [
                        "orc",
                        "monster",
                        "illager",
                        "orc_captain"
                    ]
                },
                "minecraft:health": {
                    "value": 250,
                    "max": 250
                },
                "minecraft:spawn_entity": [
                    {
                        "min_wait_time": 0,
                        "max_wait_time": 0,
                        "spawn_entity": "ck:orc",
                        "spawn_event": "ck:orc_follower",
                        "single_use": true,
                        "num_to_spawn": 2,
                        "should_leash": false
                    },
                    {
                        "min_wait_time": 0,
                        "max_wait_time": 0,
                        "spawn_entity": "ravager",
                        "spawn_event": "minecraft:entity_spawned",
                        "single_use": true,
                        "num_to_spawn": 1,
                        "should_leash": false
                    }
                ],
                "minecraft:equipment": {
                    "table": "loot_tables/entities/orc/orc_captain_equipment.json",
                    "slot_drop_chance": [
                        {
                            "slot":"slot.weapon.mainhand",
                            "drop_chance": 1.0
                        }
                    ]
                },
                "minecraft:behavior.find_mount": {
                    "priority": 1,
                    "avoid_water": true,
                    "mount_distance": -1.0,
                    "within_radius": 16,
                    "start_delay": 0.0,
                    "max_failed_attempts": 20
                },
                "minecraft:knockback_resistance": {
                    "value": 0.5
                },
                "minecraft:ravager_blocked": {
                    "knockback_strength": 3.0,
                    "reaction_choices": [
                        {
                            "weight": 1,
                            "value": {
                                "event": "ck:orc_become_stunned",
                                "target": "self"
                            }
                        },
                        {
                            "weight": 1
                        }
                    ]
                }
                
            },
            
            "orc_follower": {
                "minecraft:type_family": {
                    "family": [
                        "orc",
                        "monster",
                        "orc_follower"
                    ]
                },
                "minecraft:health": {
                    "value": 100,
                    "max": 100
                },
                "minecraft:equipment": {
                    "table": "loot_tables/entities/orc/orc_follower_equipment.json",
                    "slot_drop_chance": [
                        {
                            "slot":"slot.weapon.mainhand",
                            "drop_chance": 1.0
                        }
                    ]
                },
                "minecraft:behavior.follow_target_captain": {
                    "priority": 0,
                    "speed_multiplier": 1.3,
                    "within_radius": 64,
                    "follow_distance": 5
                }
            },
            
            "orc_normal": {
                "minecraft:type_family": {
                    "family": [
                        "orc",
                        "normal_orc"
                    ]
                },
                "minecraft:health": {
                    "value": 60,
                    "max": 60
                },
                "minecraft:on_hurt_by_player": {
                    "event": "ck:orc_angry",
                    "target": "self"
                },
                "minecraft:on_friendly_anger": {
                    "event": "ck:orc_angry",
                    "target": "self"
                },
                "minecraft:on_target_escape": {
                    "event": "ck:orc_calm",
                    "target": "self"
                },
                "minecraft:environment_sensor": {
                    "triggers": [
                        {
                            "filters": {
                                "all_of": [
                                    { 
                                        "test": "has_equipment",
                                        "subject": "self",
                                        "domain": "hand",
                                        "operator": "==",
                                        "value": "ck:raw_angler_fish"
                                    }
                                ]
                            },
                            "event": "ck:orc_trader"
                        },
                        {
                            "filters": {
                                "all_of": [
                                    { 
                                        "test": "has_equipment",
                                        "subject": "self",
                                        "domain": "hand",
                                        "operator": "==",
                                        "value": "minecraft:diamond_pickaxe"
                                    }
                                ]
                            },
                            "event": "ck:orc_miner"
                        }
                    ]
                }
                
            },
            "orc_normal_reset": {
                "minecraft:transformation": {
                    "into": "ck:orc<ck:orc_normal>",
                    "delay": 0.5
                }
            },
            "orc_miner": {
                "minecraft:behavior.pickup_items": {
                    "priority": 0,
                    "max_dist": 15,
                    "goal_radius": 2,
                    "speed_multiplier": 0.8,
                    "track_target": true
                },
                "minecraft:inventory": {
                    "inventory_size": 16,
                    "private": false,
                    "container_type": "inventory"
                },
                "minecraft:interact": {
                    "interactions": [
                        {
                            "on_interact": {
                                "filters": {
                                    "all_of": [
				                        {
				                            "test": "is_family",
				                            "subject": "other",
				                            "value": "player"
				                        },
				                        {
				                            "test": "is_sneaking",
				                            "subject": "other",
				                            "operator": "equals",
				                            "value": false
				                        },
				                        { 
				                            "test": "has_equipment", 
				                            "subject": "player", 
				                            "domain": "hand",
				                            "operator": "equals",
				                            "value": "ck:draxe"
				                        }
				                    ]
				                },
				                "event": "ck:orc_miner_start"
				            },
				            "interact_text": "action.interact.start",
				            "swing": true
				        },
                        {
                            "on_interact": {
                                "filters": {
                                    "all_of": [
				                        {
				                            "test": "is_family",
				                            "subject": "other",
				                            "value": "player"
				                        },
				                        {
				                            "test": "is_sneaking",
				                            "subject": "other",
				                            "operator": "equals",
				                            "value": true
				                        },
				                        { 
				                            "test": "has_equipment", 
				                            "subject": "player", 
				                            "domain": "hand",
				                            "operator": "equals",
				                            "value": "ck:draxe"
				                        }
				                    ]
				                },
				                "event": "ck:orc_non_trader"
				            },
				            "interact_text": "action.interact.stop",
				            "swing": true
				        }
				    ]
                }
            },
            "orc_miner_move": {
                "minecraft:behavior.move_to_random_block": {
                    "priority": 1
                },
                "minecraft:break_blocks": {
                    "breakable_blocks": [
                        "dirt",
                        "grass",
                        "flamesoil",
                        "flamestone",
                        "flamerack",
                        "frostsoil",
                        "froststone",
                        "frostrack",
                        "venomsoil",
                        "venomstone",
                        "venomrack",
                        "stone",
                        "gravel"
                    ]
                },
                "minecraft:timer": {
                    "time": 15,
                    "looping": false,
                    "time_down_event": {
                        "event": "ck:orc_miner_stop",
                        "target": "self"
                    }
                }
            },
            "orc_non_trader": {
                "minecraft:behavior.eat_carried_item": {
                    "priority": 1,
                    "delay_before_eating": 5
                },
                "minecraft:behavior.pickup_items": {
                    "priority": 0,
                    "max_dist": 15,
                    "goal_radius": 2,
                    "speed_multiplier": 0.8,
                    "track_target": true
                }
            },
            "orc_trader":{
                "minecraft:behavior.trade_with_player": {
                    "priority": 1
                },
                "minecraft:behavior.trade_interest": {
                    "priority": 3,
                    "within_radius": 6.0,
                    "interest_time": 35.0,
                    "remove_item_time": 1.0,
                    "carried_item_switch_time": 35.0,
                    "cooldown": 2.0
                },
                "minecraft:behavior.look_at_trading_player": {
                    "priority": 4
                },
                "minecraft:economy_trade_table": {
                    "display_name": "action.orc.name",
                    "table": "trading/economy_trades/orc_trades.json",
                    "new_screen": true,
                    "persist_trade": true
                },
                "minecraft:behavior.eat_carried_item": {
                    "priority": 1,
                    "delay_before_eating": 20
                },
                "minecraft:environment_sensor": {
                    "triggers": [
                        {
                            "filters": {
                                "all_of": [
                                    { 
                                        "test": "has_equipment",
                                        "subject": "self",
                                        "domain": "hand",
                                        "operator": "!=",
                                        "value": "ck:raw_angler_fish"
                                    }
                                ]
                            },
                            "event": "ck:orc_non_trader"
                        }
                    ]
                }
            },
            "orc_angry":{
                "minecraft:angry": {
                    "duration": -1,
                    "broadcast_anger": true,
                    "broadcast_range": 15
                }
                
            }
        },
        
        "components": {
            "minecraft:loot": {
                "table": "loot_tables/entities/orc/orc.json"
            },
            "minecraft:breathable": {
                "total_supply": 15,
                "suffocate_time": 0
            },
            "minecraft:navigation.walk": {
                "can_path_over_water": true,
                "avoid_water": true,
                "avoid_damage_blocks": true
            },
            "minecraft:movement.basic": {},
            "minecraft:behavior.hurt_by_target": {
                "priority": 0
            },
            "minecraft:jump.static": {},
            "minecraft:can_climb": {},
            "minecraft:collision_box": {
                "width": 1.4,
                "height": 2.3
            },
            "minecraft:nameable": {},
            "minecraft:hurt_on_condition": {
                "damage_conditions": [
                    {
                        "filters": {
                            "test": "in_lava",
                            "subject": "self",
                            "operator": "==",
                            "value": true 
                        },
                        "cause": "lava",
                        "damage_per_tick": 4
                    }
                ]
            },
            "minecraft:movement": {
                "value": 0.0
            },
            "minecraft:physics": {},
            "minecraft:pushable": {
                "is_pushable": true,
                "is_pushable_by_piston": true
            },
            "minecraft:shareables": {
                "all_items": true,
                "all_items_max_amount": 250,
                "items": [
                    { 
                        "item": "ck:raw_angler_fish",
                        "priority": 0,
                        "max_amount": 1
                    },
                    { 
                        "item": "minecraft:diamond_pickaxe",
                        "priority": 0,
                        "max_amount": 1
                    },
                    { 
                        "item": "ck:draxe",
                        "priority": 2,
                        "max_amount": 1
                    },
                    { 
                        "item": "ck:orc_sword",
                        "priority": 3,
                        "max_amount": 1
                    }
                ]
            }
        },
        "events": {
            "minecraft:entity_spawned": {
                "sequence": [
                    {
                        "randomize": [
                            {
                                "weight": 25,
                                
                                "add": {
                                    "component_groups": [
                                        "orc_movement",
                                        "orc_normal",
                                        "orc_non_trader"
                                    ]
                                }
                            },
                            {
                                "weight": 10,
                                
                                "add": {
                                    "component_groups": [
                                        "orc_movement",
                                        "melee_mode",
                                        "orc_target",
                                        "orc_follower"
                                    ]
                                }
                            },
                            {
                                "weight": 5,
                                
                                "add": {
                                    "component_groups": [
                                        "orc_movement",
                                        "melee_mode",
                                        "orc_target",
                                        "orc_captain"
                                    ]
                                }
                            }
                        ]
                    }
                ]
            },
            
            
            "ck:orc_miner_start": {
                "add": {
                    "component_groups": [
                        "orc_miner_move"
                    ]
                }
            },
            "ck:orc_miner_stop": {
                "remove": {
                    "component_groups": [
                        "orc_miner_move"
                    ]
                }
            },
            "ck:orc_miner": {
                "add": {
                    "component_groups": [
                        "orc_miner"
                    ]
                },
                "remove": {
                    "component_groups": [
                        "orc_non_trader"
                    ]
                }
            },
            "ck:orc_trader": {
                "add": {
                    "component_groups": [
                        "orc_trader"
                    ]
                },
                "remove": {
                    "component_groups": [
                        "orc_non_trader"
                    ]
                }
            },
            "ck:orc_non_trader": {
                "add": {
                    "component_groups": [
                        "orc_normal_reset"
                    ]
                },
                "remove": {
                    "component_groups": [
                        "orc_trader"
                    ]
                }
            },
            "ck:orc_angry": {
                "add": {
                    "component_groups": [
                        "orc_target",
                        "melee_mode",
                        "orc_angry"
                    ]
                }
            },
            "ck:orc_calm": {
                "remove": {
                    "component_groups": [
                        "orc_target",
                        "melee_mode",
                        "orc_angry"
                    ]
                }
            },
            "ck:orc_captain": {
                "add": {
                    "component_groups": [
                        "orc_movement",
                        "orc_target",
                        "melee_mode",
                        "orc_captain"
                    ]
                }
            },
            "ck:orc_follower": {
                "add": {
                    "component_groups": [
                        "orc_movement",
                        "orc_target",
                        "melee_mode",
                        "orc_follower"
                    ]
                }
            },
            "ck:orc_normal": {
                "add": {
                    "component_groups": [
                        "orc_movement",
                        "orc_normal",
                        "orc_non_trader"
                    ]
                }
            },
            "ck:orc_become_stunned": {
                "add": {
                    "component_groups": [
                        "orc_stunned"
                    ]
                },
                "remove": {
                    "component_groups": [
                        "orc_movement",
                        "orc_target",
                        "melee_mode"
                    ]
                }
            },
            "ck:orc_start_roar": {
                "add": {
                    "component_groups": [
                        "orc_roaring"
                    ]
                },
                "remove": {
                    "component_groups": [
                        "orc_stunned"
                    ]
                }
            },
            "ck:orc_end_roar": {
                "add": {
                    "component_groups": [
                        "orc_movement",
                        "orc_target",
                        "melee_mode"
                    ]
                },
                "remove": {
                    "component_groups": [
                        "orc_roaring"
                    ]
                }
            }
        }
    }
}
