{
    "format_version": "1.14.0",
    "minecraft:entity": {
        "description": {
            "identifier": "ck:pegasus",
            "is_spawnable": true,
            "is_summonable": true,
            "is_experimental": false,
			"scripts": {
			    "animate": [
			        "fly_t",
			        "fly_s",
			        "pegasus_srp"
			    ]
			},
			"animations": {
			    "fly_s": "controller.animation.fly_system",
			    "fly_t": "controller.animation.fly_toggle",
			    "pegasus_srp": "controller.animation.pegasus_srp",
			    "fly_c": "animation.fly_control"
			}
        },
        
        "component_groups": {
            
            "pegasus_onleash": {
                "minecraft:behavior.move_towards_restriction": {
                    "priority": 0,
                    "speed_multiplier": 1.0
                }
            },
            
            "pegasus_is_sitable":{
                "minecraft:sittable": {
                }
            },
            
            "pegasus_is_sleepable":{
                "minecraft:behavior.nap": {
                    "priority": 1,
                    "cooldown_min": 15.0,
                    "cooldown_max": 30.0,
                    "mob_detect_dist": 12.0,
                    "mob_detect_height": 6.0,
                    "can_nap_filters": {
                        "all_of": [
                            {
                                "test": "in_water",
                                "subject": "self",
                                "operator": "==",
                                "value": false
                            },
                            { 
                                "test": "rider_count", 
                                "value": 0
                                
                            },
                            {
                                "test": "on_ground",
                                "subject": "self",
                                "operator": "==",
                                "value": true
                            },
                            {
                                "test": "is_weather",
                                "subject": "self",
                                "operator": "!=",
                                "value": "thunderstorm"
                            }
                        ]
                    },
                    "wake_mob_exceptions": {
                        "any_of": [
                            { 
                                "test": "is_owner", 
				                "subject": "player", 
				                "operator": "equals", 
				                "value": true
				            },
                            {
                                "test": "is_family",
                                "subject": "other",
                                "operator": "==",
                                "value": "pegasus"
                            },
                            {
                                "test": "is_sneaking",
                                "subject": "other",
                                "operator": "==",
                                "value": true
                            }
                        ]
                    }
                }
            },
            
            
            "pegasus_is_rideable":{
                "minecraft:rideable": {
                    "priority": 1,
                    "seat_count": 1,
                    "crouching_skip_interact": true,
                    "rider_can_interact": true,
                    "family_types": ["player"],
                    "interact_text": "action.interact.ck_ride",
                    "seats": [
                        {
                            "position": [ 0, 1.23, -0.2 ],
                            "min_rider_count": 0,
                            "max_rider_count": 0,
                            "rotate_rider_by": -90
                        }
                    ]
                }
            },
            
            "pegasus_is_saddled":{
                "minecraft:is_saddled": {},
                "minecraft:behavior.follow_owner": {
					"priority": 0,
					"speed_multiplier": 1.3,
					"start_distance": 15,
					"stop_distance": 4
				},
				"minecraft:tick_world":{
				    "radius": 2,
				    "distance_to_players": 1000,
				    "never_despawn": true
				},
				"minecraft:input_ground_controlled": {},
                
				"minecraft:behavior.player_ride_tamed": {},
				"minecraft:interact": {
				    "interactions": [
				        {
				            "on_interact": {
				                "filters": {
				                    "all_of": [
				                        {
				                            "test": "is_family",
				                            "subject": "other",
				                            "value": "player"
				                        },
				                        {
				                            "test": "is_riding", 
				                            "subject": "other",
				                            "operator": "==", 
				                            "value": true
				                        },
				                        { 
				                            "test": "on_ground", 
				                            "subject": "self", 
				                            "operator": "equals", 
				                            "value": true
				                        },
				                        {
				                            "test": "is_mark_variant",
				                            "value": 1
				                        },
				                        { 
				                            "test": "is_owner", 
				                            "subject": "player", 
				                            "operator": "equals", 
				                            "value": true
				                        }
				                    ]
				                },
				                "event": "disable_fly_mode"
				            },
				            "interact_text": "action.interact.fly.disable",
				            "swing": true
				        },
				        {
				            "on_interact": {
				                "filters": {
				                    "all_of": [
				                        {
				                            "test": "is_family",
				                            "subject": "other",
				                            "value": "player"
				                        },
				                        {
				                            "test": "is_riding", 
				                            "subject": "other",
				                            "operator": "==", 
				                            "value": true
				                        },
				                        { 
				                            "test": "on_ground", 
				                            "subject": "self", 
				                            "operator": "equals", 
				                            "value": true
				                        },
				                        {
				                            "test": "is_mark_variant",
				                            "value": 0
				                        },
				                        { 
				                            "test": "is_owner", 
				                            "subject": "player", 
				                            "operator": "equals", 
				                            "value": true
				                        }
				                    ]
				                },
				                "event": "enable_fly_mode"
				            },
				            "interact_text": "action.interact.fly.enable",
				            "swing": true
				        },
				        {
				            "on_interact": {
				                "filters": {
				                    "all_of": [
				                        {
				                            "test": "is_family",
				                            "subject": "other",
				                            "value": "player"
				                        },
				                        {
				                            "test": "is_riding", 
				                            "subject": "other",
				                            "operator": "==", 
				                            "value": true
				                        },
				                        { 
				                            "test": "on_ground", 
				                            "subject": "self", 
				                            "operator": "equals", 
				                            "value": false
				                        },
				                        {
				                            "test": "is_mark_variant",
				                            "value": 0
				                        },
				                        {
				                            "test": "is_owner",
				                            "subject": "player", 
				                            "operator": "equals", 
				                            "value": true
				                        }
				                    ]
				                },
				                "event": "disable_idle_mode"
				            },
				            "interact_text": "action.interact.idle.disable",
				            "swing": true
				        },
				        {
				            "on_interact": {
				                "filters": {
				                    "all_of": [
				                        {
				                            "test": "is_family",
				                            "subject": "other",
				                            "value": "player"
				                        },
				                        {
				                            "test": "is_riding", 
				                            "subject": "other",
				                            "operator": "==", 
				                            "value": true
				                        },
				                        { 
				                            "test": "on_ground", 
				                            "subject": "self", 
				                            "operator": "equals",
				                            "value": false
				                        },
				                        {
				                            "test": "is_mark_variant",
				                            "value": 1
				                        },
				                        { 
				                            "test": "is_owner", 
				                            "subject": "player", 
				                            "operator": "equals", 
				                            "value": true
				                        }
				                    ]
				                },
				                "event": "enable_idle_mode"
				            },
				            "interact_text": "action.interact.idle.enable",
				            "swing": true
				        }
				    ]
				}
            },
            
            "pegasus_is_not_saddled":{
                "minecraft:behavior.mount_pathing": {
                    "priority": 5,
                    "speed_multiplier": 1.25,
                    "target_dist": 0.0,
                    "track_target": true
                }
            },
            
            "pegasus_fly_on":{
                "minecraft:mark_variant":{
                    "value": 1
                }  
            },
            "pegasus_fly_off":{
                "minecraft:mark_variant":{
                    "value": 0
                }  
            },
            
            "pegasus_gravity_true":{
                "minecraft:physics": {
                    "has_gravity": true
                }
            },
            "pegasus_gravity_false":{
                "minecraft:physics": {
                    "has_gravity": false
                }
            },
            
            "pegasus_chested":{
                "minecraft:is_chested": {}
            },
            
            "pegasus_tamed": {
                "minecraft:is_tamed": {},
                "minecraft:type_family": {
                    "family": [ "pegasus", "pegasus_tamed" ]
                },
                "minecraft:health": {
                    "value": 150,
                    "max": 150
                },
                "minecraft:leashable": {
                    "soft_distance": 8.0,
                    "hard_distance": 15.0,
                    "max_distance": 20.0,
                    "on_leash": {
                        "event": "pegasus_on_leash",
                        "target": "self"
                    },
                    "on_unleash": {
                        "event": "pegasus_on_unleash",
                        "target": "self"
                    }
                },
                "minecraft:inventory": {
                    "inventory_size": 10,
                    "container_type": "horse"
                },
                "minecraft:equippable": {
                    "slots": [
                        {
                            "slot": 0,
                            "item": "saddle",
                            "accepted_items": [
                                "saddle"
                            ],
                            "on_equip": {
                                "event": "pegasus_saddled"
                            },
                            "on_unequip": {
                                "event": "pegasus_unsaddled"
                            }
                        },
                        {
                            "slot": 1,
                            "item": "chest",
                            "accepted_items": [
                                "chest"
                            ],
                            "on_equip": {
                                "event": "ck:chested"
                            },
                            "on_unequip": {
                                "event": "ck:unchested"
                            }
                        }
                    ]
                },
                "minecraft:healable": {
                    "items": [
                        {
                            "item": "wheat",
                            "heal_amount": 3
                        },
                        {
                            "item": "carrot",
                            "heal_amount": 8
                        },
                        {
                            "item": "apple",
                            "heal_amount": 2
                        }
                    ]
                }
            },
            
            "pegasus_wild": {
                "minecraft:type_family": {
                    "family": [ "pegasus", "pegasus_wild" ]
                },
                "minecraft:health": {
                    "value": 100,
                    "max": 100
                },
                "minecraft:tameable": {
                    "probability": 0.33,
                    "tame_items": [ "golden_carrot" ],
                    "tame_event": {
                        "event": "ck:pegasus_tamed",
                        "target": "self"
                    }
                },
                "minecraft:behavior.tempt": {
                    "priority": 3,
                    "speed_multiplier": 0.5,
                    "within_radius": 16,
                    "can_get_scared": true,
                    "items": [
                        "golden_carrot"
                    ]
                },
                "minecraft:behavior.avoid_mob_type": {
                    "priority": 1,
                    "entity_types": [
                        {
                            "filters": {
                                "all_of": [
                                    {
                                        "test": "is_family",
                                        "subject": "other",
                                        "value": "player"
                                    },
                                    {
                                        "test": "is_sneaking",
                                        "subject": "other",
                                        "operator": "==",
                                        "value": false
                                    }
                                ]
                            },
                            "max_dist": 10,
                            "walk_speed_multiplier": 0.8,
                            "sprint_speed_multiplier": 1.1
                        }
                    ]
                },
                "minecraft:behavior.sneeze": {
                    "priority": 2,
                    "probability": 0.04,
                    "cooldown_time": 30.0,
                    "within_radius": 10.0,
                    "entity_types": [
                        {
                            "filters": {
                                "all_of": [
                                    {
                                        "test": "is_family",
                                        "subject": "other",
                                        "value": "player"
                                    },
                                    {
                                        "test": "is_sneaking",
                                        "operator": "==",
                                        "subject": "other",
                                        "value": false
                                    }
                                ]
                            },
                            "max_dist": 10
                        }
                    ],
                    "drop_item_chance": 0.5,
                    "loot_table": "loot_tables/entities/pegasus_feather_drop.json",
                    "prepare_sound": "presneeze",
                    "prepare_time": 1.0,
                    "sound": "sneeze"
                }
            }
        },
        
        
        "components": {
            "minecraft:boss": {
                "name": "action.pegasus.name",
                "should_darken_sky": false,
                "hud_range": 4
            },
            "minecraft:behavior.panic": {
                "priority": 4,
                "speed_multiplier": 1.25
            },
            "minecraft:nameable": {
                "alwaysShow": true
            },
            "minecraft:can_power_jump": {},
            "minecraft:behavior.stay_while_sitting": {
                "priority": 0
            },
            "minecraft:breathable": {
                "totalSupply": 15,
                "suffocateTime": 0,
                "breathesAir": true,
                "breathesWater": false
            },
            "minecraft:collision_box": {
                "width": 1.3,
                "height": 1.4
            },
            "minecraft:damage_sensor": {
                "triggers": [
                    {
                        "cause": "fall",
                        "deals_damage": false
                    }
                ]
            },
            "minecraft:movement.basic": {},
            "minecraft:jump.static": {},
            "minecraft:can_climb": {},
            "minecraft:movement": {
                "value": 0.28
            },
            "minecraft:navigation.walk": {
                "can_path_over_water": true,
                "avoid_water": true,
                "avoid_damage_blocks": true
            },
            "minecraft:behavior.random_stroll": {
                "priority": 2,
                "speed_multiplier": 1.0
            },
            "minecraft:behavior.look_at_player": {
                "priority": 7,
                "look_distance": 6.0,
                "probability": 0.02
            },
            "minecraft:behavior.random_look_around": {
                "priority": 6
            },
            "minecraft:horse.jump_strength": {
                "value": {
                    "range_min": 0.5, 
                    "range_max": 1.5
                }
            }
        },
        "events": {
            "minecraft:entity_spawned":{
                "add":{
                    "component_groups":
                    [
                        "pegasus_gravity_true",
                        "pegasus_wild"
                    ]
                }
            },
            
            "ck:pegasus_tamed": {
                "add": {
                    "component_groups": [
                        "pegasus_gravity_true",
                        "pegasus_is_not_saddled",
                        "pegasus_is_rideable",
                        "pegasus_is_sitable",
                        "pegasus_is_sleepable",
                        "pegasus_tamed"
                    ]
                },
                "remove": {
                    "component_groups": ["pegasus_wild"]
                }
            },
            "ck:chested":{
                "add": {
                    "component_groups": [
                        "pegasus_chested"
                    ]
                }
            },
            "ck:unchested":{
                "remove": {
                    "component_groups": [
                        "pegasus_chested"
                    ]
                }
            },
            
            "pegasus_saddled":{
                "remove":{
                    "component_groups": [
                        "pegasus_is_not_saddled"
                    ]
                },
                "add": {
                    "component_groups": [
                        "pegasus_is_saddled"
                    ]
                }
            },
            
            "pegasus_unsaddled":{
                "remove":{
                    "component_groups": [
                        "pegasus_is_saddled",
                        "pegasus_fly_on",
                        "pegasus_gravity_false"
                    ]
                },
                "add": {
                    "component_groups": [
                        "pegasus_is_not_saddled",
                        "pegasus_fly_off",
                        "pegasus_gravity_true"
                    ]
                }
                
            },
            
            "pegasus_on_leash":{
                "remove":{
                    "component_groups": [
                        "pegasus_fly_on",
                        "pegasus_gravity_false"
                    ]
                },
                "add": {
                    "component_groups": [
                        "pegasus_onleash",
                        "pegasus_fly_off",
                        "pegasus_gravity_true"
                    ]
                }
            },
            
            "pegasus_on_unleash":{
                "remove":{
                    "component_groups": [
                        "pegasus_onleash"
                    ]
                }
            },
            
            "pegasus_rideable":{
                "sequence": [
                    {
                        "filters": {
                            "test": "has_component",
                            "operator": "==",
                            "value": "minecraft:is_tamed"
                        },
                        "add": {
                            "component_groups": [
                                "pegasus_is_rideable"
                            ]
                        }
                    }
                ]
            },
            "pegasus_not_rideable":{
                "remove":{
                    "component_groups": [
                        "pegasus_is_rideable"
                    ]
                },
                "add": {
                    "component_groups": [
                    ]
                }
            },
            
            "pegasus_sitable":{
                "remove":{
                    "component_groups": [
                        
                    ]
                },
                "add": {
                    "component_groups": [
                        "pegasus_is_sitable"
                    ]
                }
            },
            "pegasus_not_sitable":{
                "remove":{
                    "component_groups": [
                        "pegasus_is_sitable"
                    ]
                },
                "add": {
                    "component_groups": [
                    ]
                }
            },
            
            "pegasus_sleepable":{
                "remove":{
                    "component_groups": [
                        
                    ]
                },
                "add": {
                    "component_groups": [
                        "pegasus_is_sleepable"
                    ]
                }
            },
            "pegasus_not_sleepable":{
                "remove":{
                    "component_groups": [
                        "pegasus_is_sleepable"
                    ]
                },
                "add": {
                    "component_groups": [
                    ]
                }
            },
            
            
            "enable_fly_mode":{
                "add":{
                    "component_groups": [
                        "pegasus_fly_on"
                    ]
                },
                "remove": {
                    "component_groups": [
                        "pegasus_fly_off"
                    ]
                }
                
            },
            
            "disable_fly_mode":{
                "remove":{
                    "component_groups": [
                        "pegasus_fly_on"
                    ]
                },
                "add": {
                    "component_groups": [
                        "pegasus_fly_off"
                    ]
                }
                
            },
            
            "disable_idle_mode":{
                "add":{
                    "component_groups": [
                        "pegasus_fly_on",
                        "pegasus_gravity_true"
                    ]
                },
                "remove": {
                    "component_groups": [
                        "pegasus_fly_off",
                        "pegasus_gravity_false"
                    ]
                }
                
            },
            
            "enable_idle_mode":{
                "remove":{
                    "component_groups": [
                        "pegasus_fly_on",
                        "pegasus_gravity_true"
                    ]
                },
                "add": {
                    "component_groups": [
                        "pegasus_fly_off",
                        "pegasus_gravity_false"
                    ]
                }
                
            }
        }
    }
}