{
	"format_version": "1.13.0",
	"minecraft:entity": {
		"description": {
			"identifier": "ck:sea_serpent",
			"is_spawnable": true,
			"is_summonable": true,
			"is_experimental": false
		},
		"component_groups": {
		    
		    
			"no_target": {
				"minecraft:variant": {
					"value": 0
				},
				"minecraft:jump.static": {
				    "jump_power": 0.6
				},
				"minecraft:behavior.random_breach": {
				    "priority": 4,
				    "interval": 50,
				    "xz_dist": 15,
				    "cooldown_time": 2.0
				},
				"minecraft:behavior.melee_attack": {
					"priority": 2,
					"speed_multiplier": 1.5,
					"reach_multiplier": 3
				},
				"minecraft:navigation.generic": {
					"is_amphibious": false,
					"can_path_over_water": false,
					"can_swim": true,
					"can_walk": false,
					"can_breach": true,
					"can_sink": false
				},
				"minecraft:navigation.swim": {
					"is_amphibious": false,
					"can_path_over_water": false,
					"can_swim": true,
					"can_walk": false,
					"can_breach": true,
					"can_sink": false
				},
				"minecraft:movement.generic": {
					"max_turn": 14
				},
				"minecraft:behavior.swim_idle": {
					"priority": 5
				},
				"minecraft:behavior.swim_wander": {
					"priority": 3,
					"speed_multiplier": 1,
					"interval": 90
				},
				"minecraft:movement.sway": {
					"sway_amplitude": 0.12
				},
				"minecraft:behavior.random_swim": {
					"speed_multiplier": 0.9,
					"priority": 4,
					"xz_dist": 30,
					"y_dist": 15,
					"interval": 5
				},
				"minecraft:movement": {
					"value": 0.12
				},
				"minecraft:breathable": {
					"total_supply": 15,
					"suffocate_time": 0,
					"breathes_air": false,
					"breathes_water": true
				},
				"minecraft:underwater_movement": {
					"value": 0.35
				}
			},
			
			
			"has_target": {
				"minecraft:variant": {
					"value": 1
				},
				"minecraft:movement.glide": {
					"start_speed": 1.8,
					"speed_when_turning": 1.3
				},
				"minecraft:behavior.swoop_attack": {
					"priority": 2,
					"delay_range": [
						10,
						20
					]
				},
				"minecraft:behavior.circle_around_anchor": {
					"priority": 3,
					"radius_range": [
						25,
						40
					],
					"radius_change_chance": 250,
					"height_above_target_range": [
						2,
						3
					],
					"height_offset_range": [
						-5,
						-2
					],
					"height_change_chance": 250,
					"goal_radius": 1
				},
				"minecraft:breathable": {
					"total_supply": 25,
					"suffocate_time": 0,
					"breathes_air": false,
					"breathes_water": true,
					"generates_bubbles": true
				},
				"minecraft:navigation.generic": {
					"is_amphibious": true,
					"can_path_over_water": true,
					"can_swim": true,
					"can_walk": false,
					"can_breach": true,
					"can_sink": true
				},
				"minecraft:movement.amphibious": {
					"max_turn": 5
				},
				"minecraft:underwater_movement": {
					"value": 0.25
				},
				"minecraft:water_movement": {
					"drag_factor": 0.9
				},
				"minecraft:movement": {
					"value": 1.8
				}
			}
		},
		"components": {
		    "minecraft:loot": {
		        "table": "loot_tables/entities/sea_serpent/sea_serpent.json"
		    },
			"minecraft:type_family": {
				"family": [
					"sea_serpent"
				]
			},
			"minecraft:follow_range": {
				"value": 64,
				"max": 64
			},
			"minecraft:experience_reward": {
                "on_death": "query.last_hit_by_player ? 100 : 0"
            },
            "minecraft:collision_box": {
                "width": 4.5,
                "height": 1.5
            },
			"minecraft:hurt_on_condition": {
				"damage_conditions": [
					{
						"filters": {
							"test": "in_lava",
							"subject": "self",
							"operator": "==",
							"value": true
						},
						"cause": "lava",
						"damage_per_tick": 4
					}
				]
			},
			"minecraft:health": {
				"value": 200,
				"max": 200
			},
			"minecraft:friction_modifier": {
				"value": 0
			},
			"minecraft:pushable": {
				"is_pushable": true,
				"is_pushable_by_piston": true
			},
			"minecraft:nameable": {},
				"minecraft:physics": {
					"has_collision": true,
					"has_gravity": true
				},
			"minecraft:attack": {
				"damage": [
					6,
					15
				]
			},
			"minecraft:behavior.nearest_attackable_target": {
				"priority": 1,
				"within_radius": 64,
				"reselect_targets": true,
				"entity_types": [
					{
						"filters": {
							"all_of": [
								{
									"test": "is_family",
									"subject": "other",
									"value": "player"
								},
								{
									"test": "in_water_or_rain",
									"subject": "other",
									"operator": "==",
									"value": true
								}
							]
						},
						"max_dist": 64
					},
					{
						"filters": {
							"all_of": [
								{
									"test": "is_family",
									"subject": "other",
									"value": "player"
								},
								{
									"test": "on_ground",
									"subject": "other",
									"operator": "==",
									"value": false
								}
							]
						},
						"max_dist": 64
					},
					{
						"filters": {
							"all_of": [
								{
									"test": "is_family",
									"subject": "other",
									"value": "salmon"
								}
							]
						},
						"max_dist": 8
					}
				],
				"must_see": true,
				"must_see_forget_duration": 0.5,
				"scan_interval": 20,
				"target_search_height": -1
			},
			"minecraft:on_target_acquired": {
			    "event": "move_one",
			    "target": "self"
			},
			"minecraft:on_target_escape": {
			    "event": "move_zero",
			    "target": "self"
			}
		},
		"events": {
			"minecraft:entity_spawned": {
				"add": {
					"component_groups": [
						"no_target"
					]
				}
			},
			"move_zero": {
				"add": {
					"component_groups": [
						"no_target"
					]
				},
				"remove": {
					"component_groups": [
						"has_target"
					]
				}
			},
			"move_one": {
				"add": {
					"component_groups": [
						"has_target"
					]
				},
				"remove": {
					"component_groups": [
						"no_target"
					]
				}
			}
		}
	}
}