{
  "format_version": "1.13.0",
  "minecraft:feature_rules": {
    "description": {
      "identifier": "venomsoil_extra",
      "places_feature": "ore_venomsoil"
    },
    "conditions": {
      "placement_pass": "underground_pass",
            "minecraft:biome_filter": [
                {
                    "all_of": [
                        {
                            "any_of": [
                                {
                                    "test": "has_biome_tag",
                                    "operator": "==",
                                    "value": "toxic"
                                }
                            ]
                        }
                    ]
                }
            ]
        },
    "distribution": {
      "scatter_chance": {
        "numerator": 1,
        "denominator": 16
      },
      "iterations": 80,
      "coordinate_eval_order": "zyx",
      "x": {
        "distribution": "uniform",
        "extent": [ 0, 16 ]
      },
      "y": {
        "distribution": "uniform",
        "extent": [ 0, 50 ]
      },
      "z": {
        "distribution": "uniform",
        "extent": [ 0, 16 ]
      }
    }
  }
}
