{
    "format_version": "1.8.0",
    "animation_controllers": {
        "controller.animation.fly_toggle": {
            "initial_state": "default",
            "states": {
                "default": {
                    "transitions": [
                        { "fly_toggle_on":"(query.mark_variant == 1)" } 
                    ],
                    "on_entry": [
                        "/scoreboard players set @s crafters 0",
                        "/tp @s ~ ~ ~"
                    ]
                },
                "fly_toggle_on": {
                    "transitions": [
                        {"default": "(query.mark_variant == 0)" }
                    ],
                    "on_entry": [
                        "/scoreboard players set @s crafters 1"
                    ]
                }
            }
        },
        "controller.animation.fly_toggle.player": {
            "initial_state": "default",
            "states": {
                "default": {
                    "transitions": [
                        { "fly_toggle_on":"(query.mark_variant == 3)" } 
                    ],
                    "on_entry": [
                        "/scoreboard players set @s crafters 0",
                        "/tp @s ~ ~ ~"
                    ]
                },
                "fly_toggle_on": {
                    "transitions": [
                        {"default": "(query.mark_variant == 2)" }
                    ],
                    "on_entry": [
                        "/scoreboard players set @s crafters 1"
                    ]
                }
            }
        },
        "controller.animation.fly_system": {
            "initial_state": "default",
            "states": {
                "default": {
                    "transitions": [
                        {
                            "activate": "query.has_rider"
                        }
                    ]
                },
                "activate": {
                    "animations": [            
                        { "fly_c": [] }
                    ],
                    "transitions": [
                        {
                            "default": "!query.has_rider"
                        }
                    ],
                    "on_entry": [
                        "/scoreboard objectives add crafters dummy crafters"
                    ]
                }
            }
        },
        "controller.animation.fly_system.player": {
            "initial_state": "default",
            "states": {
                "default": {
                    "transitions": [
                        {
                            "activate": "(query.mark_variant == 3) && (query.skin_id > 0)"
                        }
                    ],
                    "on_entry": [
                        "@s ck:player_gravity_true"
                    ]
                },
                "activate": {
                    "animations": [            
                        { "fly_c": [] }
                    ],
                    "transitions": [
                        {
                            "default": "(query.mark_variant == 2) || (query.skin_id == 0)"
                        },
                        {
                            "idle_midair_player": "(query.mark_variant == 3) && (!query.is_on_ground) && (query.is_sneaking) && (query.skin_id > 0)"
                        }
                    ],
                    "on_entry": [
                        "/scoreboard objectives add crafters dummy crafters",
                        "@s ck:player_gravity_true"
                    ]
                },
                "idle_midair_player": {
                    "transitions": [
                        {
                            "default": "(query.mark_variant == 2) || (query.skin_id == 0)"
                        },
                        {
                            "activate": "(query.mark_variant == 3) && (!query.is_on_ground) && (!query.is_sneaking) && (query.skin_id > 0)"
                        }
                    ],
                    "on_entry": [
                        "@s ck:player_gravity_false",
                        "/tp @s ~ ~ ~"
                    ]
                }
            }
        },
        "controller.animation.nest_placed_block": {
            "initial_state": "default",
            "states": {
                "default": {
                    "transitions": [
                        {
                            "activate": "query.is_baby"
                        }
                    ]
                },
                "activate": {
                    "animations": [            
                        { "nbp": [] }
                    ],
                    "transitions": [
                        {
                            "default": "!query.is_baby"
                        }
                    ]
                }
            }
        }
    }
}