{
  "format_version": "1.10.0",
  "animation_controllers": {
    "controller.animation.wyvern.general": {
      "initial_state": "default",
      "states": {
        "default": {
          "animations": [ 
              "look", 
              "blink", 
              "growl",
              "wiggle_tail",
              {"setup": "query.is_on_ground && query.ground_speed == 0 && !query.is_sleeping && !query.is_sitting"}],
          "transitions": [
             {"dragon_walk":"query.modified_move_speed && query.is_on_ground && query.ground_speed > 0"}, 
            {"dragon_fly": "!query.is_on_ground"},
            {"dragon_sit": "query.is_sitting"},
            {"dragon_sleep": "query.is_sleeping"}
          ],
          "blend_transition": 0.2
        },
        "dragon_fly": {
          "animations": [ "fly", "look", "blink", "growl", "wiggle_tail" ],
          "transitions": [
            {"default": "query.is_on_ground"}
          ],
          "blend_transition": 0.2
        },
        "dragon_sit": {
          "animations": [ "sitting", "blink", "look" ],
          "transitions": [
            {"default": "query.is_on_ground && query.ground_speed == 0 && !query.is_sleeping && !query.is_sitting"}
          ],
          "blend_transition": 0.2
        },
        "dragon_sleep": {
          "animations": [ "sleeping"],
          "transitions": [
            {"default": "query.is_on_ground && query.ground_speed == 0 && !query.is_sleeping && !query.is_sitting"},
             {"dragon_walk":"query.modified_move_speed && query.is_on_ground && query.ground_speed > 0"}
          ],
          "blend_transition": 0.2
        },
        "dragon_walk": {
          "animations": [ 
              "wiggle_tail", "walk", "blink", "look"],
          "transitions": [
            {"default": "query.is_on_ground && query.ground_speed == 0 && !query.is_sleeping && !query.is_sitting"},
            {"dragon_fly": "!query.is_on_ground"},
            {"dragon_sit": "query.is_sitting"},
            {"dragon_sleep": "query.is_sleeping"}
          ],
          "blend_transition": 0.2
        }
      }
    },
    
    "controller.animation.fly_sound_mechanics": {
      "initial_state": "flying_sound",
      "states": {
        "flying_sound": {
          "animations": [ "soundfly" ],
          "transitions": [
            {"gliding_sound": "!query.is_on_ground && query.has_rider && query.target_x_rotation > 3.0 && query.mark_variant == 1" }
          ],
          "blend_transition": 0.2
        },
        "gliding_sound": {
          "animations": ["soundglide"],
          "transitions": [
            {"flying_sound": "!query.is_on_ground && query.has_rider && query.target_x_rotation < 3.0" }
          ],
          "blend_transition": 0.2
        }
      }
    },
    
    
    "controller.animation.wyvern_dead": {
      "initial_state": "on_air",
      "states": {
        "on_ground": {
          "animations": [ "dead_on_ground" ],
          "transitions": [
            {"on_air": "!query.is_on_ground"},
            {"on_loot": "query.is_on_ground && query.is_baby"}
          ],
          "blend_transition": 0.2
        },
        "on_loot": {
          "animations": [
              "dead_on_loot",
              "dead_on_ground"
          ],
          "blend_transition": 0.2
        },
        "on_air": {
          "animations": ["dead_on_air"],
          "transitions": [
            {"on_ground": "query.is_on_ground"}
          ],
          "blend_transition": 0.2
        }
      }
    },
        "controller.animation.wyvern_attack": {
            "initial_state" : "default",
            "states": {
                "default":{
                    "transitions": [
                        {"fire_breath": "variable.attack_time > 0.0 && query.variant == 0 "},
                        {"ice_breath": "variable.attack_time > 0.0 && query.variant == 1 "},
                        {"poison_breath": "variable.attack_time > 0.0 && query.variant == 2 "}
                    ]
                },
                "fire_breath": {
                    "animations": ["fire_breath_attack"],
                    "transitions": [
                        {"default": "variable.attack_time <= 0.0 && query.variant == 0 "}
                    ]
                },
                "ice_breath": {
                    "animations": ["ice_breath_attack"],
                    "transitions": [
                        {"default": "variable.attack_time <= 0.0 && query.variant == 1 "}
                    ]
                },
                "poison_breath": {
                    "animations": ["poison_breath_attack"],
                    "transitions": [
                        {"default": "variable.attack_time <= 0.0 && query.variant == 2 "}
                    ]
                }
            }
        }
  }
}