{
  "format_version": "1.16.100",
  "minecraft:item": {
    "description": {
      "identifier": "ar:dragon_wing",
      "category": "Equipment"
    },
    "components": {
      "minecraft:max_stack_size": 1,
      "minecraft:enchantable": {
        "value": 0,
        "slot": "elytra"
      },
      "minecraft:explodable": false,
      "minecraft:should_despawn": false,
      "minecraft:armor": {
        "protection": 10
      },
      "minecraft:wearable": {
        "slot": "slot.armor.chest"
      },
      "minecraft:knockback_resistance": {
        "protection": 10
      }
    }
  }
}
