{
  "format_version": "1.10.0",
  "minecraft:attachable": {
    "description": {
      "identifier": "ar:dragon_wing",
      "item": { "ar:dragon_wing": "query.owner_identifier == 'minecraft:player'" },
      "materials": {
        "default": "elytra",
        "enchanted": "elytra_glint"
      },
      "textures": {
        "default": "textures/wing/dragon_wing",
        "enchanted": "textures/misc/enchanted_item_glint"
      },
      "geometry": {
        "default": "geometry.dragon_wing"
      },
      "animations": {
        "flapping": "animation.player.wing_flap2",
        "flap": "animation.player.wing_rotation"
      },
      "scripts": {
        "parent_setup": "variable.chest_layer_visible = 0.0;",
        "animate": [
          { "flapping": "!query.is_on_ground" },
          { "flap": "!query.is_on_ground && !query.is_moving" }
        ]
      },
      "render_controllers": [ "controller.render.armor" ]
    }
  }
}
