{
    "pools": [
        {
            "rolls": 1,
            "conditions": [
                {
                    "condition": "killed_by_player_or_pets"
                }
            ],
            "entries": [
                {
                    "type": "item",
                    "name": "ck:serpent_fang",
                    "weight": 50,
                    "functions": [
                        {
                            "function": "set_count",
                            "count": {
                                "min": 1,
                                "max": 2
                            }
                        },
                        {
                            "function": "looting_enchant",
                            "count": {
                                "min": 5,
                                "max": 16
                            }
                        }
                    ]
                },
                {
                    "type": "item",
                    "name": "ck:serpent_scale",
                    "weight": 50,
                    "functions": [
                        {
                            "function": "set_count",
                            "count": {
                                "min": 1,
                                "max": 2
                            }
                        },
                        {
                            "function": "looting_enchant",
                            "count": {
                                "min": 5,
                                "max": 16
                            }
                        }
                    ]
                }
            ]
        },
        
        {
            "rolls": 1,
            "entries": [
                {
                    "type": "item",
                    "name": "ck:serpent_raw_meat",
                    "weight": 50,
                    "functions": [
                        {
                            "function": "set_count",
                            "count": {
                                "min": 1,
                                "max": 2
                            }
                        },
                        {
                            "function": "looting_enchant",
                            "count": {
                                "min": 5,
                                "max": 16
                            }
                        }
                    ]
                }
            ]
        }
    ]
}