{
	"format_version": "1.8.0",
	"animations": {
	    
		"animation.dracolyte_smoke":{
		    "loop": true,
		    "animation_length": 2.0,
		    "particle_effects":{
		        "0.0": {
		            "effect": "smoke",
		            "locator": "pipe_smoke"
		        },
		        "1.5": {
		            "effect": "lava",
		            "locator": "lava_particle"
		        }
		    }
		},
		"animation.dracolyte_forge.remove": {
			"loop": true,
			"animation_length": 7.08,
			"bones": {
				"Base": {
					"scale": {
						"0.0": [1, 1, 1],
						"4.1667": [0, 0, 0]
					},
					"rotation": {
						"0.0": [0, 0, 0],
						"4.1667": [0, 360, 0]
					}
				}
			}
		}
	}
}