{
	"format_version": "1.8.0",
	"animations": {
		
		"animation.dragon.look_at_target": {
		    "bones" : {
		        "Head" : {
					"rotation" : [ "query.target_x_rotation - -this", "query.target_y_rotation - -this", 0.0 ]
				}
			},
			"loop" : true
		},
		
		"animation.dragon.blink": {
			"loop": true,
			"animation_length": 7.08,
			"bones": {
				"eyes": {
					"scale": {
						"0.0": [1, 1.1, 1],
						"0.6": [1, 4, 1],
						"1.1667": [1, 1.1, 1]
					}
				}
			}
		},
		"animation.dragon.dead_on_loot": {
			"loop": true,
			"animation_length": 7.08,
			"bones": {
				"dragon": {
					"scale": {
						"0.0": [1, 1, 1],
						"4.1667": [0, 0, 0]
					}
				}
			}
		},
		
		"animation.dragon.growl_idle":{
		    "loop": true,
		    "animation_length": 15.00,
		    "sound_effects": {
		        "1.5": {
		            "effect": "growl_sound"
		        }
		    },
		    "bones": {
				"Jaw": {
					"rotation": {
						"1.0": [-5, 0, 0],
						"2.0": [35, 0, 0],
						"2.5": [-5, 0, 0]
					}
				}
		    }
		},
		"animation.dragon.fire_breath":{
		    "loop": true,
		    "animation_length": 0.5,
		    "particle_effects":{
		        "0.025": {
		            "effect": "apoy1",
		            "locator": "fire1"
		        },
		        "0.027": {
		            "effect": "apoy1",
		            "locator": "fire2"
		        },
		        "0.030": {
		            "effect": "apoy1",
		            "locator": "fire3"
		        }
		    },
		    "bones": {
				"Jaw": {
					"rotation": {
						"0.15": [-5, 0, 0],
						"0.20": [35, 0, 0],
						"0.35": [-5, 0, 0]
					}
				},
				"NeckC": {
					"rotation": [-30, "Math.sin(query.yaw_speed) * 15", 0]
				}
		    }
		},
		
		"animation.dragon.flysound": {
			"loop": true,
			"animation_length": 2.5,
			"sound_effects": {
				"1.5": {
					"effect": "fly_sound"
				}
			}
		}, 
		"animation.dragon.glidesound": {
			"loop": true,
			"animation_length": 4.5,
			"sound_effects": {
				"1.5": {
					"effect": "glide_sound"
				}
			}
		}, 
		
		"animation.dragon.setup": {
			"loop": true,
			"bones": {
				"NeckC": {
					"rotation": ["Math.sin(query.anim_time*50) * 5+ -35", "Math.sin(query.yaw_speed) * 15", 0]
				},
				"NP2": {
					"rotation": ["Math.sin(query.anim_time*30) * 5+ -20", "Math.sin(query.yaw_speed) * 5", 0]
				},
				"NP3": {
					"rotation": ["Math.sin(query.anim_time*20) * 5+ 25", "Math.sin(query.yaw_speed) * 5", 0]
				},
				"leftwing": {
					"rotation": [0, "Math.sin(query.anim_time*50) * 5+ 40", 0]
				},
				"rightwing": {
					"rotation": [-10, "-Math.sin(query.anim_time*50) * 5+ -40", 0]
				},
				"rwp1": {
					"rotation": [10, 55, -45]
				},
				"rwp2": {
					"rotation": [-15, 30, -35]
				},
				"rwp3": {
					"rotation": [5, 10, -5]
				},
				"rwp4": {
					"rotation": [-10, -50, 65]
				},
				"rwp5": {
					"rotation": [-10, -25, 40]
				},
				"rwp6": {
					"rotation": [-5, -10, -5]
				}
			}
		},
		
		"animation.dragon.tail": {
			"loop": true,
			"bones": {
				"tail": {
					"rotation": [ 0, "variable.tail", 0]
				},
				"tail1": {
					"rotation": [ 0, "variable.tail1", 0]
				},
				"tail2": {
					"rotation": [ 0, "variable.tail2", 0]
				},
				"tail3": {
					"rotation": [ 0, "variable.tail3", 0]
				},
				"tail4": {
					"rotation": [ 0, "variable.tail4", 0]
				},
				"tail5": {
					"rotation": [ 0, "variable.tail5", 0]
				},
				"tail6": {
					"rotation": [ 0, "variable.tail6", 0]
				}
			}
		},
		
		"animation.dragon.fly": {
			"loop": true,
			"bones": {
				"frontleg": {
					"rotation": ["Math.cos(query.anim_time*200) * 5+ 50", "-Math.cos(query.anim_time*200) * 5", 0]
				},
				"frontleg2": {
					"rotation": ["-Math.sin(query.anim_time*200) * 5+ 50", "-Math.sin(query.anim_time*200) * 5", 0]
				},
				"backleg": {
					"rotation": ["Math.cos(query.anim_time*200) * 5+ 50", "-Math.cos(query.anim_time*200) * 5", 0]
				},
				"backleg2": {
					"rotation": ["-Math.sin(query.anim_time*200) * 5+ 50", "-Math.sin(query.anim_time*200) * 5", 0]
				},
			    "dragon": {
					"position": [0, "Math.sin(query.anim_time*200) * -0.3 - -0.3", 0],
					"rotation": ["query.has_rider ? Math.sin(query.anim_time*200) * 5 : Math.sin(-query.anim_time*200) - query.target_x_rotation", "query.has_rider ? 0.0 : Math.sin(-query.anim_time*200) - query.target_y_rotation", "Math.sin(-query.yaw_speed) * 20"]
				},
				"NeckC": {
					"rotation": ["Math.sin(query.anim_time*200) * 5", "Math.sin(query.yaw_speed) * 15", 0]
				},
				"NP2": {
					"rotation": ["Math.sin(query.anim_time*200) * 5", "Math.sin(query.yaw_speed) * 5", 0]
				},
				"NP3": {
					"rotation": ["Math.sin(query.anim_time*200) * 5", "Math.sin(query.yaw_speed) * 5", 0]
				},
				"rightwing": {
					"rotation": [0, -10, "!query.has_rider ? -Math.cos(query.anim_time*200) * 45 : query.mark_variant == 0 ? -Math.cos(query.anim_time*200) * 45  : query.target_x_rotation < 3.0 ? -Math.cos(query.anim_time*200) * 45 : -Math.cos(query.anim_time*200) * 5"]
				},
				"rwp2": {
					"rotation": [0, 0, "-Math.sin(query.anim_time*200) * 25"]
				},
				"rwp3": {
					"rotation": [0, 0, "-Math.sin(query.anim_time*200) * 20"]
				},
				"leftwing": {
					"rotation": [0, 10, "!query.has_rider ? Math.cos(query.anim_time*200) * 45 : query.mark_variant == 0 ? Math.cos(query.anim_time*200) * 45 : query.target_x_rotation < 3.0 ? Math.cos(query.anim_time*200) * 45 : Math.cos(query.anim_time*200) * 5"]
				},
				"rwp5": {
					"rotation": [0, 0, "Math.sin(query.anim_time*200) * 25"]
				},
				"rwp6": {
					"rotation": [0, 0, "Math.sin(query.anim_time*200) * 20"]
				}
			}
		},
		"animation.dragon_four.walking": {
			"anim_time_update": "query.modified_distance_moved",
			"loop": true,
			"bones": {
				"NeckC": {
					"rotation": ["Math.sin(query.anim_time*10) * 5", "Math.sin(query.yaw_speed) * 15", 0]
				},
				"NP2": {
					"rotation": ["Math.sin(query.anim_time*10) * 5", "Math.sin(query.yaw_speed) * 5", 0]
				},
				"NP3": {
					"rotation": ["Math.sin(query.anim_time*10) * 5", "Math.sin(query.yaw_speed) * 5", 0]
				},
				"frontleg2": {
					"rotation": ["Math.cos(query.anim_time * 38.17) *  30.0 * query.modified_move_speed - this", 0, 0]
				},
				"frontleg": {
					"rotation": ["Math.cos(query.anim_time * 38.17) * -30.0 * query.modified_move_speed - this", 0, 0]
				},
				"backleg2": {
					"rotation": ["Math.cos(query.anim_time * 38.17) * -30.0 * query.modified_move_speed - this", 0, 0]
				},
				"backleg": {
					"rotation": ["Math.cos(query.anim_time * 38.17) *  30.0 * query.modified_move_speed - this", 0, 0]
				},
				"LP3": {
					"rotation": ["Math.abs(Math.cos(query.anim_time * 38.17) *  20.0)", 0, 0]
				},
				"LP17": {
					"rotation": ["Math.abs(Math.cos(query.anim_time * 38.17) * -20.0)", 0, 0]
				},
				"LP6": {
					"rotation": ["Math.abs(Math.cos(query.anim_time * 38.17) * -35.0)", 0, 0]
				},
				"LP14": {
					"rotation": ["Math.abs(Math.cos(query.anim_time * 38.17) *  35.0)", 0, 0]
				},
				"leftwing": {
					"rotation": [0, 40, 0]
				},
				"rightwing": {
					"rotation": [-10, -30, 0]
				},
				"rwp1": {
					"rotation": [10, 55, -45]
				},
				"rwp2": {
					"rotation": [-15, 30, -35]
				},
				"rwp3": {
					"rotation": [5, 10, -5]
				},
				"rwp4": {
					"rotation": [-10, -50, 65]
				},
				"rwp5": {
					"rotation": [-10, -25, 40]
				},
				"rwp6": {
					"rotation": [-5, -10, -5]
				}
			}
		},
		"animation.dragon.dead_on_ground": {
		    "loop": true,
			"bones": {
				"dragon": {
					"rotation": [0, 0, 90],
					"position": [0, -26.3, 0]
				},
				"LP16": {
					"rotation": [0, 0, -15]
				},
				"LP18": {
					"rotation": [0, 0, 30]
				},
				"LP3": {
					"rotation": [0, 0, -5]
				},
				"tail1": {
					"rotation": [0, 10, 0]
				},
				"tail2": {
					"rotation": [-25, -5, 0]
				},
				"tail3": {
					"rotation": [-15, 0, 0]
				},
				"tail4": {
					"rotation": [10, -5, 0]
				},
				"tail5": {
					"rotation": [10, 0, 0]
				},
				"tail6": {
					"rotation": [10, 0, 0]
				},
				"NP1": {
					"rotation": [10, 0, 0]
				},
				"NP2": {
					"rotation": [10, 0, 0]
				},
				"Jaw": {
					"rotation": [30, 0, 0]
				},
				"LP13": {
					"rotation": [50, 0, -10]
				},
				"LP14": {
					"rotation": [0, 0, -20]
				},
				"LP7": {
					"rotation": [15, 0, 0]
				},
				"rwp4": {
					"rotation": [0, 0, 90]
				},
				"rwp5": {
					"rotation": [0, 25, 0]
				},
				"rwp1": {
					"rotation": [0, 25, -85]
				},
				"rwp2": {
					"rotation": [0, 0, -25]
				}
			}
		},
		"animation.dragon.dead_on_air": {
		    "loop": true,
			"bones": {
				"dragon": {
					"rotation": [0, 0, 180]
				},
				"bone15": {
					"rotation": [-55, 0, 0]
				},
				"bone2": {
					"rotation": [-60, 0, 0]
				},
				"tail1": {
					"rotation": [-45, 0, 0]
				},
				"tail2": {
					"rotation": [-25, 0, 0]
				},
				"tail3": {
					"rotation": [-10, 0, 0]
				},
				"NP1": {
					"rotation": [30, 0, 0]
				},
				"Head": {
					"rotation": [25, 0, 0]
				},
				"bone14": {
					"rotation": [75, 0, 0]
				},
				"LP5": {
					"rotation": [0, 0, 0]
				},
				"LP6": {
					"rotation": [5, 0, 0]
				},
				"bone3": {
					"rotation": [60, 0, 0]
				},
				"rwp4": {
					"rotation": [0, 0, 70]
				},
				"rwp1": {
					"rotation": [0, 0, -75]
				}
			}
		},
		"animation.dragon.sit": {
			"loop" : true,
			"bones": {
				"dragon": {
					"rotation": [-15, 0, 0],
					"position": [0, -6, 4]
				},
				"LP16": {
					"rotation": [15, 0, 0]
				},
				"LP17": {
					"rotation": [-10, 0, 0]
				},
				"LP18": {
					"rotation": [5, 0, 0]
				},
				"bone15": {
					"rotation": [-30, 0, 0]
				},
				"LP2": {
					"rotation": [15, 0, 0]
				},
				"LP3": {
					"rotation": [-10, 0, 0]
				},
				"LP4": {
					"rotation": [5, 0, 0]
				},
				"bone2": {
					"rotation": [-30, 0, 0]
				},
				"tail1": {
					"rotation": [-15, "Math.cos(query.anim_time * 150) *  5.0", 0]
				},
				"tail2": {
					"rotation": [30, "Math.cos(query.anim_time * 150) *  5.0", 0]
				},
				"tail3": {
					"rotation": [10, "Math.cos(query.anim_time * 150) *  5.0", 0]
				},
				"tail4": {
					"rotation": [5, "Math.cos(query.anim_time * 150) *  5.0", 0]
				},
				"tail5": {
					"rotation": [10, "Math.cos(query.anim_time * 150) *  5.0", 0]
				},
				"tail6": {
					"rotation": [10, "Math.cos(query.anim_time * 150) *  5.0", 0]
				},
				"NeckC": {
					"rotation": ["Math.sin(query.anim_time*50) * 5+ -30", "Math.sin(query.yaw_speed) * 15", 0]
				},
				"NP2": {
					"rotation": ["Math.sin(query.anim_time*30) * 5+ -20", "Math.sin(query.yaw_speed) * 5", 0]
				},
				"NP3": {
					"rotation": ["Math.sin(query.anim_time*20) * 5+ 25", "Math.sin(query.yaw_speed) * 5", 0]
				},
				"LP13": {
					"rotation": [65, 0, 0]
				},
				"LP14": {
					"rotation": [-70, 0, 0]
				},
				"LP15": {
					"rotation": [20, 0, 0]
				},
				"LP5": {
					"rotation": [65, 0, 0]
				},
				"LP6": {
					"rotation": [-70, 0, 0]
				},
				"LP7": {
					"rotation": [20, 0, 0]
				},
				"bone3": {
					"rotation": [5, 0, 0]
				},
				"leftwing": {
					"rotation": [0, 0, "Math.cos(query.anim_time * 80) *  5.0"]
				},
				"rwp4": {
					"rotation": [0, 0, -50]
				},
				"rwp5": {
					"rotation": [0, 0, 115]
				},
				"rwp6": {
					"rotation": [0, 0, -130]
				},
				"rightwing": {
					"rotation": [0, 0, "-Math.cos(query.anim_time * 80) *  5.0"]
				},
				"rwp1": {
					"rotation": [0, 0, 50]
				},
				"rwp2": {
					"rotation": [0, 0, -130]
				},
				"rwp3": {
					"rotation": [0, 0, 130]
				}
			}
		},
		
		
		"animation.dragon.sleeping": {
		    "loop": true,
			"bones": {
				"dragon": {
					"position": [0, -27, 0]
				},
				"LP16": {
					"rotation": [18, 36, 0],
					"position": [0, 15.4, 0]
				},
				"LP17": {
					"rotation": [26, 0, 0]
				},
				"LP18": {
					"rotation": [14, 0, 0]
				},
				"bone15": {
					"rotation": [-59, 0, 0]
				},
				"LP2": {
					"rotation": [31, 0, 0],
					"position": [0, 9.8, 0]
				},
				"LP3": {
					"rotation": [45, -22, 0]
				},
				"LP4": {
					"rotation": [-12, 0, 0]
				},
				"bone2": {
					"rotation": [-58, 0, 0]
				},
				"tail1": {
					"rotation": [-5, 32, 0]
				},
				"tail2": {
					"rotation": [6, 48, 0]
				},
				"tail3": {
					"rotation": [0, 52, 0]
				},
				"tail4": {
					"rotation": [0, 40, 0]
				},
				"tail5": {
					"rotation": [4, 5, 0]
				},
				"tail6": {
					"rotation": [12, 20, 0]
				},
				"NP1": {
					"rotation": [0, 53, 0]
				},
				"NP2": {
					"rotation": [0, -51, 0]
				},
				"NP3": {
					"rotation": [0, -80, 0]
				},
				"Head": {
					"rotation": [-11, -25, 0]
				},
				"eyes": {
					"scale": [1, 4.1, 1]
				},
				"Jaw": {
					"rotation": [5, 0, 0]
				},
				"LP13": {
					"rotation": [-43, 19, 0],
					"position": [0, 3.8, 0]
				},
				"LP14": {
					"rotation": [0, 0, 0],
					"position": [0, 5.7, -2.9]
				},
				"LP15": {
					"rotation": [0, 0, 0]
				},
				"bone14": {
					"rotation": [40, 0, 0]
				},
				"LP5": {
					"rotation": [-43, 0, 0],
					"position": [0, 3.8, 0]
				},
				"LP6": {
					"rotation": [-20, 0, -14],
					"position": [0, 5.7, -2.9]
				},
				"LP7": {
					"rotation": [50, 0, 0]
				},
				"bone3": {
					"rotation": [16, -19, 0]
				},
				"Body": {
					"position": [ "Math.cos(query.anim_time * 50) *  3.0", 0, 0]
				},
				"leftwing": {
					"rotation": [ 0, "Math.cos(query.anim_time * 50) *  3.0", 0]
				},
				"rwp4": {
					"rotation": [61, -49, 0]
				},
				"rwp5": {
					"rotation": [-11, -12, 44]
				},
				"rightwing": {
					"rotation": [ 0, "-Math.cos(query.anim_time * 50) *  3.0", 0]
				},
				"rwp1": {
					"rotation": [61, 49, 0]
				},
				"rwp2": {
					"rotation": [-11, 12, -44]
				}
			}
		},
		
		"animation.dragon.ride": {
			"loop": true,
			"bones": {
				"NeckC": {
					"rotation": ["Math.sin(query.anim_time*50) * 5+ -35", "Math.sin(query.yaw_speed) * 15", 0]
				},
				"NP2": {
					"rotation": ["Math.sin(query.anim_time*30) * 5+ -20", "Math.sin(query.yaw_speed) * 5", 0]
				},
				"NP3": {
					"rotation": ["Math.sin(query.anim_time*20) * 5+ 25", "Math.sin(query.yaw_speed) * 5", 0]
				},
				"leftwing": {
					"rotation": [0, "Math.sin(query.anim_time*50) * 5+ 40", 0]
				},
				"rightwing": {
					"rotation": [-10, "-Math.sin(query.anim_time*50) * 5+ -40", 0]
				},
				"rwp1": {
					"rotation": [10, 55, -45]
				},
				"rwp2": {
					"rotation": [-15, 30, -35]
				},
				"rwp3": {
					"rotation": [5, 10, -5]
				},
				"rwp4": {
					"rotation": [-10, -50, 65]
				},
				"rwp5": {
					"rotation": [-10, -25, 40]
				},
				"rwp6": {
					"rotation": [-5, -10, -5]
				},
				"tail": {
					"rotation": [ -5, 0, 0]
				},
				"tail1": {
					"rotation": [ -15, 0, 0]
				},
				"tail2": {
					"rotation": [ -20, 0, 0]
				},
				"tail3": {
					"rotation": [ -5, 0, 0]
				},
				"tail4": {
					"rotation": [ -5, 0, 0]
				},
				"tail5": {
					"rotation": [ 0, 0, 0]
				},
				"tail6": {
					"rotation": [ 0, 0, 0]
				}
			}
		}
	}
}