{
	"format_version": "1.8.0",
	"animations": {
		"animation.pegasus.sit": {
			"loop": true,
			"bones": {
				"bacl_left_leg": {
					"rotation": [-30, 0, 0]
				},
				"back_left_leg_1": {
					"rotation": [65, 0, 0]
				},
				"back_left_leg_2": {
					"rotation": [-100, 0, 0]
				},
				"bacl_right_leg": {
					"rotation": [-30, 0, 0]
				},
				"back_right_leg_1": {
					"rotation": [65, 0, 0]
				},
				"back_right_leg_2": {
					"rotation": [-100, 0, 0]
				},
				"fron_left_leg_1": {
					"rotation": [15, -10, 0]
				},
				"front_left_knee": {
					"rotation": [-90, 0, 0]
				},
				"front_left_foot": {
					"rotation": [140, 0, 0]
				},
				"fron_right_leg_1": {
					"rotation": [15, 0, 0]
				},
				"front_right_knee": {
					"rotation": [-90, 10, 0]
				},
				"front_right_foot": {
					"rotation": [140, 0, 0]
				},
				"left_wing": {
					"rotation": [5, 5, "Math.cos(query.anim_time*100) * 5 + 50"]
				},
				"left_wing_2": {
					"rotation": [0, -35, 5]
				},
				"left_wing_3": {
					"rotation": [0, -35, 0]
				},
				"right_wing": {
					"rotation": [5, 5, "-Math.cos(query.anim_time*100) * 5 + -50"]
				},
				"right_wing_2": {
					"rotation": [0, 35, -5]
				},
				"right_wing_3": {
					"rotation": [0, 35, 0]
				},
				"Pegasus": {
					"position": [0, -8, 0]
				},
				"bottom": {
					"rotation": [0, 0, 0]
				},
				"tail": {
					"rotation": [45, 0, 0]
				},
				"tail_1": {
					"rotation": [-5, 0, 0]
				}
			}
		},
		"animation.pegasus.blink": {
			"loop": true,
			"animation_length": 7.08,
			"bones": {
				"eye_lid": {
					"scale": {
						"0.0": [1, 1, 1],
						"0.6": [1, 2.15, 1],
						"1.1667": [1, 1, 1]
					}
				}
			}
		},
		"animation.pegasus.look_at_target": {
			"loop": true,
			"bones": {
				"head": {
					"rotation": ["query.target_x_rotation - -this", "query.target_y_rotation - -this", 0]
				},
				"neck": {
					"rotation": [0, "query.target_y_rotation - -this", 0]
				}
			}
		},
		"animation.pegasus.default": {
			"loop": true,
			"bones": {
				"left_wing": {
					"rotation": [5, 5, "Math.cos(query.anim_time*100) * 5 + 50"]
				},
				"left_wing_2": {
					"rotation": [0, -35, 5]
				},
				"left_wing_3": {
					"rotation": [0, -35, 0]
				},
				"right_wing": {
					"rotation": [5, 5, "-Math.cos(query.anim_time*100) * 5 + -50"]
				},
				"right_wing_2": {
					"rotation": [0, 35, -5]
				},
				"right_wing_3": {
					"rotation": [0, 35, 0]
				}
			}
		},
		"animation.pegasus.tail": {
			"loop": true,
			"bones": {
				"tail": {
					"rotation": ["Math.cos(query.anim_time*130) * 5", "Math.cos(query.anim_time*130) * 5", 0]
				},
				"tail_1": {
					"rotation": ["Math.cos(query.anim_time*150) * 5", "Math.cos(query.anim_time*140) * 5", 0]
				},
				"tail_2": {
					"rotation": ["Math.cos(query.anim_time*120) * 5", "Math.cos(query.anim_time*120) * 5", 0]
				}
			}
		},
		"animation.pegasus.walk": {
			"loop": true,
			"bones": {
				"front_left_leg": {
					"rotation": ["variable.tcos0 * 1.4", 0, 0]
				},
				"bacl_left_leg": {
					"rotation": ["variable.tcos0 * -1.4", 0, 0]
				},
				"front_right_leg": {
					"rotation": ["-variable.tcos0 * 1.4", 0, 0]
				},
				"bacl_right_leg": {
					"rotation": ["variable.tcos0 * 1.4", 0, 0]
				}
			}
		},
		"animation.pegasus.fly": {
			"loop": true,
			"bones": {
				"front_left_leg": {
					"rotation": ["Math.cos(query.anim_time*200) * 5", "-Math.cos(query.anim_time*200) * 5", 0]
				},
				"front_left_knee": {
					"rotation": [-50, 0, 0]
				},
				"front_left_foot": {
					"rotation": [85, 0, 0]
				},
				"front_right_leg": {
					"rotation": ["-Math.sin(query.anim_time*200) * 5", "-Math.sin(query.anim_time*200) * 5 + 5", 0]
				},
				"front_right_knee": {
					"rotation": [-50, 0, 0]
				},
				"front_right_foot": {
					"rotation": [85, 0, 0]
				},
				"bacl_left_leg": {
					"rotation": ["Math.cos(query.anim_time*200) * 5+ 50", "-Math.cos(query.anim_time*200) * 5", 0]
				},
				"bacl_right_leg": {
					"rotation": ["-Math.sin(query.anim_time*200) * 5+ 50", "-Math.sin(query.anim_time*200) * 5", 0]
				},
				"neck": {
					"rotation": ["Math.sin(query.anim_time*200) * 5", "Math.sin(query.yaw_speed) * 15", 0]
				},
				"right_wing": {
					"rotation": [0, -10, "!query.has_rider ? -Math.cos(query.anim_time*200) * 45 : query.mark_variant == 0 ? -Math.cos(query.anim_time*200) * 45  : query.target_x_rotation < 3.0 ? -Math.cos(query.anim_time*200) * 45 : -Math.cos(query.anim_time*200) * 5"]
				},
				"right_wing_2": {
					"rotation": [0, 0, "-Math.sin(query.anim_time*200) * 25"]
				},
				"right_wing_3": {
					"rotation": [0, 0, "-Math.sin(query.anim_time*200) * 20"]
				},
				"left_wing": {
					"rotation": [0, 10, "!query.has_rider ? Math.cos(query.anim_time*200) * 45 : query.mark_variant == 0 ? Math.cos(query.anim_time*200) * 45 : query.target_x_rotation < 3.0 ? Math.cos(query.anim_time*200) * 45 : Math.cos(query.anim_time*200) * 5"]
				},
				"left_wing_2": {
					"rotation": [0, 0, "Math.sin(query.anim_time*200) * 25"]
				},
				"left_wing_3": {
					"rotation": [0, 0, "Math.sin(query.anim_time*200) * 20"]
				},
				"tail": {
					"rotation": ["Math.cos(query.anim_time*130) * 5", "Math.cos(query.anim_time*130) * 5 + -20", 0]
				}
			}
		},
		"animation.pegasus.sleep": {
			"loop": true,
			"bones": {
				"Pegasus": {
					"rotation": [0, 0, -90],
					"position": [0, -11, 0]
				},
				"bacl_left_leg": {
					"rotation": [-20, 0, 0]
				},
				"back_left_leg_1": {
					"rotation": [0, 0, 15]
				},
				"back_left_leg_2": {
					"rotation": [15, 0, 0]
				},
				"fron_left_leg_1": {
					"rotation": [-20, 0, 0]
				},
				"front_left_knee": {
					"rotation": [0, 0, 20]
				},
				"front_left_foot": {
					"rotation": [30, 0, 0]
				},
				"front_right_knee": {
					"rotation": [10, 0, 0]
				},
				"neck": {
					"rotation": [35, 15, 0]
				},
				"head": {
					"rotation": [0, 0, 10]
				},
				"eye_lid": {
					"scale": [1, 2.1, 1]
				},
				"left_wing_1": {
					"rotation": [0, 0, 20]
				},
				"right_wing_1": {
					"rotation": [0, 0, -30]
				},
				"left_wing": {
					"rotation": [5, 5, "Math.cos(query.anim_time*100) * 5 + 50"]
				},
				"left_wing_2": {
					"rotation": [0, -35, 10]
				},
				"left_wing_3": {
					"rotation": [0, -35, 0]
				},
				"right_wing": {
					"rotation": [5, 5, -50]
				},
				"right_wing_2": {
					"rotation": [0, 35, -5]
				},
				"right_wing_3": {
					"rotation": [0, 35, 0]
				},
				"tail": {
					"rotation": [0, -20, 0]
				},
				"tail_1": {
					"rotation": [0, -15, 0]
				},
				"tail_2": {
					"rotation": [0, -5, 0]
				}
			}
		}
	}
}