{
	"format_version": "1.8.0",
	"animations": {
		"animation.player.flying_pose" : {
		    "override_previous_animation": true,
			"loop" : true,
			"bones" : {
				"root" : {
					"position" : [ 0.0, "(math.sin(query.target_x_rotation) * 24.0 + 3.0) * 1", "(math.cos(query.target_x_rotation) * 24.0 + 9.0) * -0.2" ],
					"rotation" : [ "1 * (90 + query.target_x_rotation)", 0.0, 0.0 ]
				}
			}
		},
		"animation.player.flying_arms" : {
			"loop" : true,
			"bones" : {
				"leftleg" : {
					"rotation" : [ "Math.cos(query.anim_time*200) * 3", 1.3, 0.0 ]
				},
				"rightleg" : {
					"rotation" : [ "-Math.cos(query.anim_time*200) * 3", -1.3, 0.0 ]
				},
				"leftarm" : {
					"rotation" : [ 0.0, 0.0, 0.0 ]
				},
				"rightarm" : {
					"rotation" : [ "variable.is_holding_right || math.sin((1 - math.pow((1 - variable.attack_time), 4)) * 180) > 0.0  ? -variable.tcos0 + -180 : query.is_sneaking && !query.is_on_ground ? 0.0 : 180.0", 0.0, "variable.is_holding_right || math.sin((1 - math.pow((1 - variable.attack_time), 4)) * 180) > 0.0 ? 0.0 : 2.2" ]
				}
			}
		},
		
		
		"animation.player.flying": {
			"loop": true,
			"bones": {
				"right_wing": {
					"rotation": [-5, 45, 15]
				},
				"right_wing_2": {
					"rotation": [0, 0, "-Math.sin(query.anim_time*200) * 20"]
				},
				"right_wing_3": {
					"rotation": [0, 0, "-Math.sin(query.anim_time*200) * 15"]
				},
				"left_wing": {
					"rotation": [0, -40, -20]
				},
				"left_wing_2": {
					"rotation": [0, 0, "Math.sin(query.anim_time*200) * 20"]
				},
				"left_wing_3": {
					"rotation": [0, 0, "Math.sin(query.anim_time*200) * 15"]
				},
				"left_wing_1": {
					"rotation": [0, 0, "Math.cos(query.anim_time*200) * 40 + 25"]
				},
				"right_wing_1": {
					"rotation": [0, 0, "-Math.cos(query.anim_time*200) * 40 + -25"]
				}
			}
		},
		"animation.player.not_flying": {
			"loop": true,
			"bones": {
				"right_wing": {
					"rotation": [-5, 45, 30]
				},
				"right_wing_2": {
					"rotation": [0, 35, -35]
				},
				"right_wing_3": {
					"rotation": [0, 35, -30]
				},
				"left_wing": {
					"rotation": [0, -40, -35]
				},
				"left_wing_2": {
					"rotation": [0, -35, 35]
				},
				"left_wing_3": {
					"rotation": [0, -35, 30]
				},
				"left_wing_1": {
					"rotation": [0, 0, 15]
				},
				"right_wing_1": {
					"rotation": [0, 0, -15]
				}
			}
		}
	}
}