{
	"format_version": "1.8.0",
	"animations": {
	    "animation.sea_serpent.attack": {
			"loop": true,
			"animation_length": 1.3,
			"bones": {
				"fangs": {
					"rotation": {
						"0.5167": [-65, 0, 0],
						"1.0": [10, 0, 0]
					}
				},
				"bottomjaw": {
					"rotation": {
						"0.0": [5, 0, 0],
						"0.5167": [30, 0, 0],
						"1.0": [0, 0, 0]
					}
				},
				"tongue": {
					"rotation": {
						"0.5167": [140, 0, 0],
						"0.7167": [135, 0, 0],
						"0.7667": [140, 0, 0],
						"0.8": [130, 0, 0],
						"0.8333": [145, 0, 0],
						"0.8833": [0, 0, 0]
					}
				}
			}
		},
		"animation.sea_serpent.tongue_idle": {
			"loop": true,
			"animation_length": 15,
			"bones": {
				"fangs": {
					"rotation": {
						"0.5167": [-65, 0, 0],
						"3.0": [10, 0, 0]
					}
				},
				"bottomjaw": {
					"rotation": {
						"0.0": [5, 0, 0],
						"1.5167": [30, 0, 0],
						"3.0": [0, 0, 0]
					}
				},
				"tongue": {
					"rotation": {
						"0.5167": [140, 0, 0],
						"0.7167": [135, 0, 0],
						"0.7667": [140, 0, 0],
						"0.8": [130, 0, 0],
						"0.8333": [145, 0, 0],
						"3.8833": [0, 0, 0]
					}
				}
			},
			"sound_effects": {
				"0.5": {
					"effect": "growl_idle"
				}
			}
		},
		
		"animation.sea_serpent.setup": {
			"loop": true,
			"bones": {
			    "seaSerpent": {
					"rotation": [ "variable.seaserpent", 0, "variable.z"]
				},
			        
				"neck2": {
					"rotation": [0, "Math.sin(query.anim_time*200) * 5", 0]
				},
				"body": {
					"rotation": [0, "Math.sin(query.anim_time*100) * 5", 0]
				},
				"body1": {
					"rotation": [ "query.variant == 1 ? 0 : math.sin(query.anim_time * 330.0) * 5.0 " ,"variable.turn", 0]
				},
				"tail1": {
					"rotation": ["query.variant == 1 ? 0 : math.sin(query.anim_time * 330.0) * 5.0 ","variable.turn", 0]
				},
				"tail2": {
					"rotation": ["query.variant == 1 ? 0 : math.sin(query.anim_time * 330.0) * 5.0 ","variable.turn",0]
				},
				"tail3": {
					"rotation": ["query.variant == 1 ? 0 : math.sin(query.anim_time * 330.0) * 5.0 ","variable.turn", 0]
				},
				"tailtip": {
					"rotation": ["query.variant == 1 ? 0 : math.sin(query.anim_time * 330.0) * 5.0 ","variable.turn", 0]
				}
			}
		}
	}
}