{
  "format_version": "1.8.0",
  "animations": {
    "animation.fire_wyvern_egg": {
      "animation_length": 2.0,
      "loop": true,
      "timeline": {
        "0.0": "/execute @s ~ ~ ~ detect ~ ~-1 ~ volcanic_block 0 tag @s add block_one",
        "0.2": "/execute @s ~ ~ ~ detect ~1 ~-1 ~ volcanic_block 0 tag @s add block_two",
        "0.4": "/execute @s ~ ~ ~ detect ~-1 ~-1 ~ volcanic_block 0 tag @s add block_three",
        "0.6": "/execute @s ~ ~ ~ detect ~ ~-1 ~1 volcanic_block 0 tag @s add block_four",
        "0.8": "/execute @s ~ ~ ~ detect ~ ~-1 ~-1 volcanic_block 0 tag @s add block_five",
        "1.0": "/execute @s ~ ~ ~ detect ~1 ~-1 ~-1 volcanic_block 0 tag @s add block_six",
        "1.2": "/execute @s ~ ~ ~ detect ~-1 ~-1 ~-1 volcanic_block 0 tag @s add block_seven",
        "1.4": "/execute @s ~ ~ ~ detect ~1 ~-1 ~1 volcanic_block 0 tag @s add block_eight",
        "1.6": "/execute @s ~ ~ ~ detect ~-1 ~-1 ~1 volcanic_block 0 tag @s add block_nine"
      }
    },
    "animation.ice_wyvern_egg": {
      "animation_length": 2.0,
      "loop": true,
      "timeline": {
        "0.0": "/execute @s ~ ~ ~ detect ~ ~-1 ~ curved_froststone 0 tag @s add block_one",
        "0.2": "/execute @s ~ ~ ~ detect ~1 ~-1 ~ curved_froststone 0 tag @s add block_two",
        "0.4": "/execute @s ~ ~ ~ detect ~-1 ~-1 ~ curved_froststone 0 tag @s add block_three",
        "0.6": "/execute @s ~ ~ ~ detect ~ ~-1 ~1 curved_froststone 0 tag @s add block_four",
        "0.8": "/execute @s ~ ~ ~ detect ~ ~-1 ~-1 curved_froststone 0 tag @s add block_five",
        "1.0": "/execute @s ~ ~ ~ detect ~1 ~-1 ~-1 curved_froststone 0 tag @s add block_six",
        "1.2": "/execute @s ~ ~ ~ detect ~-1 ~-1 ~-1 curved_froststone 0 tag @s add block_seven",
        "1.4": "/execute @s ~ ~ ~ detect ~1 ~-1 ~1 curved_froststone 0 tag @s add block_eight",
        "1.6": "/execute @s ~ ~ ~ detect ~-1 ~-1 ~1 curved_froststone 0 tag @s add block_nine"
      }
    },
    "animation.poison_wyvern_egg": {
      "animation_length": 2.0,
      "loop": true,
      "timeline": {
        "0.0": "/execute @s ~ ~ ~ detect ~ ~-1 ~ nested_rack 0 tag @s add block_one",
        "0.2": "/execute @s ~ ~ ~ detect ~1 ~-1 ~ nested_rack 0 tag @s add block_two",
        "0.4": "/execute @s ~ ~ ~ detect ~-1 ~-1 ~ nested_rack 0 tag @s add block_three",
        "0.6": "/execute @s ~ ~ ~ detect ~ ~-1 ~1 nested_rack 0 tag @s add block_four",
        "0.8": "/execute @s ~ ~ ~ detect ~ ~-1 ~-1 nested_rack 0 tag @s add block_five",
        "1.0": "/execute @s ~ ~ ~ detect ~1 ~-1 ~-1 nested_rack 0 tag @s add block_six",
        "1.2": "/execute @s ~ ~ ~ detect ~-1 ~-1 ~-1 nested_rack 0 tag @s add block_seven",
        "1.4": "/execute @s ~ ~ ~ detect ~1 ~-1 ~1 nested_rack 0 tag @s add block_eight",
        "1.6": "/execute @s ~ ~ ~ detect ~-1 ~-1 ~1 nested_rack 0 tag @s add block_nine"
      }
    },
    "animation.wyvern_egg_remove": {
      "animation_length": 2.0,
      "loop": true,
      "timeline": {
        "0.0": "/execute @s ~ ~ ~ tag @s remove block_one",
        "0.2": "/execute @s ~ ~ ~ tag @s remove block_two",
        "0.4": "/execute @s ~ ~ ~ tag @s remove block_three",
        "0.6": "/execute @s ~ ~ ~ tag @s remove block_four",
        "0.8": "/execute @s ~ ~ ~ tag @s remove block_five",
        "1.0": "/execute @s ~ ~ ~ tag @s remove block_six",
        "1.2": "/execute @s ~ ~ ~ tag @s remove block_seven",
        "1.4": "/execute @s ~ ~ ~ tag @s remove block_eight",
        "1.6": "/execute @s ~ ~ ~ tag @s remove block_nine",
        "1.8": "/execute @s ~ ~ ~ effect @s clear"
      }
    },
    "animation.wyvern_egg_hatching": {
      "animation_length": 1200.0,
      "loop": true,
      "timeline": {
        "0.2": "/execute @s ~ ~ ~ effect @s blindness 9999 1",
        "1150.0": "@s ck:wyvern_hatched"
      }
    }
  }
}