{
  "format_version": "1.13.0",
  "minecraft:ore_feature": {
    "description": {
      "identifier": "air_feature"
    },
    "count": 50,
    "places_block": "minecraft:air",
    "may_replace": [
      {
        "name": "ck:flamerack",
        "states": {
        }
      },
      {
        "name": "ck:frostrack",
        "states": {
        }
      },
      {
        "name": "ck:venomrack",
        "states": {
        }
      },
      {
        "name": "ck:flamestone",
        "states": {
        }
      },
      {
        "name": "ck:froststone",
        "states": {
        }
      },
      {
        "name": "ck:venomstone",
        "states": {
        }
      }
    ]
  }
}