{
  "format_version": "1.12",
  "minecraft:recipe_shaped": {
    "description": {
    "identifier": "ck:dracolyte_forge_item"
    },

    "tags": [ "crafting_table" ],
    "pattern": [
      "TED",
      "QPU",
      "LIK"
    ],
    "key": {
      "P": {
        "item": "minecraft:bucket",
        "data": 10
      },
      "T": {
        "item": "minecraft:iron_ingot"
      },
      "E": {
        "item": "minecraft:iron_ingot"
      },
      "D": {
        "item": "minecraft:hopper"
      },
      "Q": {
        "item": "minecraft:crafting_table"
      },
      "U": {
        "item": "minecraft:smooth_stone"
      },
      "L": {
        "item": "minecraft:iron_block"
      },
      "I": {
        "item": "minecraft:cauldron"
      },
      "K": {
        "item": "minecraft:blast_furnace"
      }
    },
    "result": {
      "item": "ck:dracolyte_forge_item"
    }
  }
  
}
