{
  "format_version": "1.12",
  "minecraft:recipe_shaped": {
    "description": {
    "identifier": "ck:sword_9_pattern"
    },

    "tags": [ "crafting_table" ],
    "pattern": [
      "TED",
      "QPU",
      "LIK"
    ],
    "key": {
      "P": {
        "item": "ck:sword_6"
      },
      "T": {
        "item": "ck:poison_ingot"
      },
      "E": {
        "item": "minecraft:emerald"
      },
      "D": {
        "item": "ck:poison_ingot"
      },
      "Q": {
        "item": "minecraft:emerald"
      },
      "U": {
        "item": "minecraft:emerald"
      },
      "L": {
        "item": "ck:wyvern_bone"
      },
      "I": {
        "item": "ck:dragon_bone"
      },
      "K": {
        "item": "ck:wyvern_bone"
      }
    },
    "result": {
      "item": "ck:sword_9_pattern"
    }
  }
  
}
