{
  "format_version": "1.12",
  "minecraft:recipe_shaped": {
    "description": {
    "identifier": "ck:wing_orb"
    },

    "tags": [ "crafting_table" ],
    "pattern": [
      "TTT",
      "TPT",
      "TST"
    ],
    "key": {
      "P": {
        "item": "minecraft:ender_pearl"
      },
      "T": {
        "item": "ck:pegasus_feather"
      },
      "S": {
        "item": "minecraft:potion",
        "data": 17
      }
    },
    "result": {
      "item": "ck:wing_orb"
    }
  }
  
}
