{
  "format_version": "1.10.0",
  "minecraft:attachable": {
    "description": {
      "identifier": "minecraft:chainmail_leggings.player",
      "item": { "minecraft:chainmail_leggings": "query.owner_identifier == 'minecraft:player'" },
      "materials": {
        "default": "armor",
        "enchanted": "armor_enchanted"
      },
      "textures": {
        "default": "textures/models/armor/default_1",
        "fire": "textures/models/armor/fire_1",
        "ice": "textures/models/armor/ice_1",
        "poison": "textures/models/armor/poison_1",
        "enchanted": "textures/misc/enchanted_item_glint"
      },
      "geometry": {
        "default": "geometry.player.armorchain.leggings"
      },
      "scripts": {
        "parent_setup": "variable.leg_layer_visible = 1.0;"
      },
      "render_controllers": [ "controller.render.armorer" ]
    }
  }
}
