{
  "format_version": "1.10.0",
  "minecraft:attachable": {
    "description": {
      "identifier": "ck:i_wyvern_armor",
      "item": { "ck:ice_wyvern_armor": "query.owner_identifier == 'ck:wyvern_tamed_female' || query.owner_identifier == 'ck:wyvern_tamed_male'" },
      "materials": {
        "default": "armor",
        "enchanted": "armor_enchanted"
      },
      "textures": {
        "default": "textures/entity/wyvern/armor/blue_wyvern_armor",
        "enchanted": "textures/misc/enchanted_item_glint"
      },
      "geometry": {
        "default": "geometry.wyvern_armor"
      },
      "render_controllers": [ "controller.render.armor" ]
    }
  }
}
