{
  "format_version": "1.10.0",
  "minecraft:attachable": {
    "description": {
      "identifier": "ck:orc_sword_x",
      "item": { "ck:orc_sword": "query.owner_identifier == 'ck:orc'" },
      "materials": {
        "default": "armor",
        "enchanted": "armor_enchanted"
      },
      "textures": {
        "default": "textures/entity/orc/orc_sword",
        "enchanted": "textures/misc/enchanted_item_glint"
      },
      "geometry": {
        "default": "geometry.orc_sword"
      },
      "render_controllers": [ "controller.render.armor" ]
    }
  }
}
