{
  "format_version": "1.10.0",
  "minecraft:attachable": {
    "description": {
      "identifier": "ck:p_dragon_armor",
      "item": { "ck:poison_dragon_armor": "query.owner_identifier == 'ck:dragon_tamed_male' || query.owner_identifier == 'ck:dragon_tamed_female'" },
      "materials": {
        "default": "armor",
        "enchanted": "armor_enchanted"
      },
      "textures": {
        "default": "textures/entity/black_dragon/armor/dragon_armor_green",
        "enchanted": "textures/misc/enchanted_item_glint"
      },
      "geometry": {
        "default": "geometry.dragon_armor"
      },
      "render_controllers": [ "controller.render.armor" ]
    }
  }
}
