{
    "format_version": "1.14.0",
    "minecraft:entity": {
        "description": {
            "identifier": "ck:dragon_tamed_male",
            "is_spawnable": false,
            "is_summonable": true,
            "is_experimental": false,
			"scripts": {
			    "animate": [
			        "fly_t",
			        "fly_s",
			        "dragon_trans",
			        "dragon_tran",
			        "dragon_sum"
			    ]
			},
			"animations": {
			    "fly_s": "controller.animation.fly_system",
			    "fly_t": "controller.animation.fly_toggle",
			    "fly_c": "animation.fly_control",
			    "dragon_trans": "controller.animation.dragon_srp",
			    "dragon_tran": "controller.animation.dragon_jump",
			    "dragon_sum": "controller.animation.dragon_summoner"
			}
        },
        
        "component_groups": {
            
            "variant_zero":{
                "minecraft:variant":{
                    "value": 0
                }
            },
            
            "variant_one":{
                "minecraft:variant":{
                    "value": 1
                }
            },
            
            "variant_two":{
                "minecraft:variant":{
                    "value": 2
                }
            },
            "variant_three":{
                "minecraft:variant":{
                    "value": 3
                }
            },
            
            "dragon_onleash": {
                "minecraft:behavior.move_towards_restriction": {
                    "priority": 0,
                    "speed_multiplier": 1.0
                }
            },
            
            "dragon_is_sitable":{
                "minecraft:sittable": {
                }
            },
            
            "dragon_is_sleepable":{
                "minecraft:behavior.nap": {
                    "priority": 1,
                    "cooldown_min": 15.0,
                    "cooldown_max": 30.0,
                    "mob_detect_dist": 12.0,
                    "mob_detect_height": 6.0,
                    "can_nap_filters": {
                        "all_of": [
                            {
                                "test": "in_water",
                                "subject": "self",
                                "operator": "==",
                                "value": false
                            },
                            { 
                                "test": "rider_count", 
                                "value": 0
                                
                            },
                            {
                                "test": "on_ground",
                                "subject": "self",
                                "operator": "==",
                                "value": true
                            },
                            {
                                "test": "is_weather",
                                "subject": "self",
                                "operator": "!=",
                                "value": "thunderstorm"
                            }
                        ]
                    },
                    "wake_mob_exceptions": {
                        "any_of": [
                            { 
                                "test": "is_owner", 
				                "subject": "player", 
				                "operator": "equals", 
				                "value": true
				            },
                            {
                                "test": "is_family",
                                "subject": "other",
                                "operator": "==",
                                "value": "dragon"
                            },
                            {
                                "test": "is_sneaking",
                                "subject": "other",
                                "operator": "==",
                                "value": true
                            }
                        ]
                    }
                }
            },
            
            
            "dragon_is_rideable":{
                "minecraft:rideable": {
                    "priority": 1,
                    "seat_count": 2,
                    "crouching_skip_interact": true,
                    "rider_can_interact": true,
                    "family_types": ["player"],
                    "interact_text": "action.interact.ck_ride",
                    "seats": [
                        {
                            "position": [ 0, 3.6, -0.2 ],
                            "min_rider_count": 0,
                            "max_rider_count": 0,
                            "rotate_rider_by": -90
                        },
                        {
                            "position": [ 0, 3.5, -1.3 ],
                            "min_rider_count": 1,
                            "max_rider_count": 2,
                            "rotate_rider_by": -90
                        }
                    ]
                }
            },
            
            "dragon_melee_attack":{
                "minecraft:attack":{
                    "damage": [6, 15]
                },
                "minecraft:behavior.melee_attack": {
                    "priority": 1,
                    "speed_multiplier": 1.0,
                    "reach_multiplier": 2.3
                }
            },
            
            "dragon_range_attack":{
                "minecraft:is_sheared":{},
                "minecraft:shooter": {
                    "type": "small_fireball",
                    "def": "minecraft:small_fireball"
                },
                "minecraft:behavior.ranged_attack": {
                    "priority": 0,
                    "attack_radius": 64,
                    "burst_shots": 3,
                    "burst_interval": 0,
                    "charge_shoot_trigger": 3,
                    "charge_charged_trigger": 2
                },
                "minecraft:behavior.mount_pathing": {
                    "priority": 0,
                    "speed_multiplier": 1.25,
                    "target_dist": 0.0,
                    "track_target": true
                },
                "minecraft:timer": {
                    "time": 4.5,
                    "looping": false,
                    "time_down_event": {
                        "event": "dragon_unshoot",
                        "target": "self"
                    }
                }
            },
            
            "player_control":{
                
				"minecraft:behavior.player_ride_tamed": {}
            },
            
            "dragon_is_saddled":{
                "minecraft:is_saddled": {},
                "minecraft:behavior.follow_owner": {
					"priority": 0,
					"speed_multiplier": 1.3,
					"start_distance": 15,
					"stop_distance": 4
				},
				"minecraft:tick_world":{
				    "radius": 2,
				    "distance_to_players": 1000,
				    "never_despawn": true
				},
				"minecraft:input_ground_controlled": {},
				"minecraft:interact": {
				    "interactions": [
				        {
				            "on_interact": {
				                "filters": {
				                    "all_of": [
				                        {
				                            "test": "is_family",
				                            "subject": "other",
				                            "value": "player"
				                        },
				                        { 
				                            "test": "has_equipment", 
				                            "subject": "player", 
				                            "domain": "hand",
				                            "operator": "equals",
				                            "value": "blaze_rod"
				                        },
				                        {
				                            "test": "is_riding", 
				                            "subject": "other",
				                            "operator": "==", 
				                            "value": true
				                        },
				                        { 
				                            "test": "on_ground", 
				                            "subject": "self", 
				                            "operator": "equals", 
				                            "value": false
				                        },
				                        {
				                            "test": "is_mark_variant",
				                            "value": 0
				                        },
				                        { 
				                            "test": "is_owner", 
				                            "subject": "player", 
				                            "operator": "equals", 
				                            "value": true
				                        }
				                    ]
				                },
				                "event": "dragon_shoot"
				            },
				            "interact_text": "action.interact.ck_shoot",
				            "swing": true
				        },
				        {
				            "on_interact": {
				                "filters": {
				                    "all_of": [
				                        {
				                            "test": "is_family",
				                            "subject": "other",
				                            "value": "player"
				                        },
				                        {
				                            "test": "is_riding", 
				                            "subject": "other",
				                            "operator": "==", 
				                            "value": true
				                        },
				                        { 
				                            "test": "on_ground", 
				                            "subject": "self", 
				                            "operator": "equals", 
				                            "value": true
				                        },
				                        {
				                            "test": "is_mark_variant",
				                            "value": 1
				                        },
				                        { 
				                            "test": "is_owner", 
				                            "subject": "player", 
				                            "operator": "equals", 
				                            "value": true
				                        }
				                    ]
				                },
				                "event": "disable_fly_mode"
				            },
				            "interact_text": "action.interact.fly.disable",
				            "swing": true
				        },
				        {
				            "on_interact": {
				                "filters": {
				                    "all_of": [
				                        {
				                            "test": "is_family",
				                            "subject": "other",
				                            "value": "player"
				                        },
				                        {
				                            "test": "is_riding", 
				                            "subject": "other",
				                            "operator": "==", 
				                            "value": true
				                        },
				                        { 
				                            "test": "on_ground", 
				                            "subject": "self", 
				                            "operator": "equals", 
				                            "value": true
				                        },
				                        {
				                            "test": "is_mark_variant",
				                            "value": 0
				                        },
				                        { 
				                            "test": "is_owner", 
				                            "subject": "player", 
				                            "operator": "equals", 
				                            "value": true
				                        }
				                    ]
				                },
				                "event": "enable_fly_mode"
				            },
				            "interact_text": "action.interact.fly.enable",
				            "swing": true
				        },
				        {
				            "on_interact": {
				                "filters": {
				                    "all_of": [
				                        {
				                            "test": "is_family",
				                            "subject": "other",
				                            "value": "player"
				                        },
				                        {
				                            "test": "is_riding", 
				                            "subject": "other",
				                            "operator": "==", 
				                            "value": true
				                        },
				                        { 
				                            "test": "on_ground", 
				                            "subject": "self", 
				                            "operator": "equals", 
				                            "value": false
				                        },
				                        {
				                            "test": "is_mark_variant",
				                            "value": 0
				                        },
				                        {
				                            "test": "is_owner",
				                            "subject": "player", 
				                            "operator": "equals", 
				                            "value": true
				                        }
				                    ]
				                },
				                "event": "disable_idle_mode"
				            },
				            "interact_text": "action.interact.idle.disable",
				            "swing": true
				        },
				        {
				            "on_interact": {
				                "filters": {
				                    "all_of": [
				                        {
				                            "test": "is_family",
				                            "subject": "other",
				                            "value": "player"
				                        },
				                        {
				                            "test": "is_riding", 
				                            "subject": "other",
				                            "operator": "==", 
				                            "value": true
				                        },
				                        { 
				                            "test": "on_ground", 
				                            "subject": "self", 
				                            "operator": "equals",
				                            "value": false
				                        },
				                        {
				                            "test": "is_mark_variant",
				                            "value": 1
				                        },
				                        { 
				                            "test": "is_owner", 
				                            "subject": "player", 
				                            "operator": "equals", 
				                            "value": true
				                        }
				                    ]
				                },
				                "event": "enable_idle_mode"
				            },
				            "interact_text": "action.interact.idle.enable",
				            "swing": true
				        }
				    ]
				}
            },
            
            "dragon_is_not_saddled":{
                "minecraft:behavior.mount_pathing": {
                    "priority": 5,
                    "speed_multiplier": 1.25,
                    "target_dist": 0.0,
                    "track_target": true
                }
            },
            
            "dragon_target_one":{
                "minecraft:behavior.nearest_prioritized_attackable_target": {
                    "priority": 1,
                    "within_radius": 15,
                    "reselect_targets": true,
                    "scan_interval": 10,
                    "must_see_forget_duration": 1.0,
                    "must_reach": true,
                    "entity_types": [{
                        "filters": {
                            "test": "is_family",
                            "subject": "other",
                            "value": "monster"
                        },
                    "max_dist": 15
                    }],
                    "must_see": true
                }
            },
            "dragon_target_two":{
                "minecraft:behavior.nearest_prioritized_attackable_target": {
                    "priority": 0,
                    "within_radius": 10,
                    "reselect_targets": true,
                    "scan_interval": 1,
                    "must_see_forget_duration": 1.0,
                    "must_reach": false,
                    "entity_types": [{
                        "filters": {
                            "test": "is_family",
                            "subject": "other",
                            "value": "drag"
                        },
                    "max_dist": 15
                    }],
                    "must_see": true
                }},
            
            
            "dragon_fly_on":{
                "minecraft:mark_variant":{
                    "value": 1
                }  
            },
            "dragon_fly_off":{
                "minecraft:mark_variant":{
                    "value": 0
                }  
            },
            
            "dragon_gravity_true":{
                "minecraft:physics": {
                    "has_gravity": true
                }
            },
            "dragon_gravity_false":{
                "minecraft:physics": {
                    "has_gravity": false
                }
            },
            
            "dragon_armored":{
                "minecraft:health": {
                    "value": 600,
                    "max": 600
                }
            },
            "dragon_chested":{
                "minecraft:is_chested": {}
            }
        },
        
        
        "components": {
            "minecraft:boss": {
                "name": "action.dragon.name",
                "should_darken_sky": false,
                "hud_range": 4
            },
            "minecraft:loot": {
                "table": "loot_tables/entities/dragon/black_dragon_tamed.json"
            },
            "minecraft:is_dyeable": {
                "interact_text": "action.interact.dye"
            },
            "minecraft:jump.static": {},
            "minecraft:can_climb": {},
            "minecraft:behavior.panic": {
                "priority": 4,
                "speed_multiplier": 1.25
            },
            "minecraft:is_tamed": {},
            "minecraft:type_family": {
                "family": [ "dragon", "dragon_tamed" ]
            },
            "minecraft:scale": {
                "value": 0.5
            },
            "minecraft:fire_immune": true,
            "minecraft:knockback_resistance": {
                "value": 100,
                "max": 100
            },
            "minecraft:nameable": {
                "alwaysShow": true
            },
            "minecraft:can_power_jump": {},
            "minecraft:behavior.stay_while_sitting": {
                "priority": 0
            },
            "minecraft:breathable": {
                "totalSupply": 15,
                "suffocateTime": 0,
                "breathesAir": true,
                "breathesWater": false
            },
            "minecraft:collision_box": {
                "width": 5,
                "height": 3
            },
            "minecraft:health": {
                "value": 500,
                "max": 500
            },
            "minecraft:damage_sensor": {
                "triggers": [
                    {
                        "cause": "fall",
                        "deals_damage": false
                    }
                ]
            },
				
			"minecraft:behavior.owner_hurt_by_target": {
				"priority": 1
			},
			"minecraft:behavior.hurt_by_target": {
			    "priority": 2
			},
			"minecraft:behavior.owner_hurt_target": {
				"priority": 0
			},
			"minecraft:leashable": {
				"soft_distance": 8.0,
				"hard_distance": 15.0,
				"max_distance": 20.0,
				"on_leash": {
				    "event": "dragon_on_leash",
				    "target": "self"
				},
				"on_unleash": {
				    "event": "dragon_on_unleash",
				    "target": "self"
				}
			},
            "minecraft:inventory": {
                "inventory_size": 20,
                "container_type": "horse"
            },
            "minecraft:equippable": {
                "slots": [
                    {
                        "slot": 0,
                        "item": "ck:dragon_saddle",
                        "accepted_items": [
                            "ck:dragon_saddle"
                        ],
                        "on_equip": {
                            "event": "dragon_saddled"
                        },
                        "on_unequip": {
                            "event": "dragon_unsaddled"
                        }
                    },
                    {
                        "slot": 1,
                        "item": "ck:fire_dragon_armor",
                        "accepted_items": [
                            "ck:fire_dragon_armor",
                            "ck:ice_dragon_armor",
                            "ck:poison_dragon_armor"
                        ],
                        "on_equip": {
                            "event": "ck:armored"
                        },
                        "on_unequip": {
                            "event": "ck:unarmored"
                        }
                    },
                    {
                        "slot": 2,
                        "item": "chest",
                        "accepted_items": [
                            "chest"
                        ],
                        "on_equip": {
                            "event": "ck:chested"
                        },
                        "on_unequip": {
                            "event": "ck:unchested"
                        }
                    }
                ]
            },
			"minecraft:behavior.breed": {
			    "priority": 3,
			    "speed_multiplier": 1.0
			},
            "minecraft:breedable": {
                "require_tame": true,
                "breed_items": "golden_apple",
                "breeds_with": {
                    "mate_type": "ck:dragon_tamed_female",
                    "baby_type": "ck:black_dragon_egg",
                    "breed_event": {
                        "event": "minecraft:entity_spawned",
                        "target": "baby"
                    }
                }
            },
			"minecraft:healable": {
			    "items": [
			        {
			            "item": "porkchop",
			            "heal_amount": 3
			        },
			        {
			            "item": "cooked_porkchop",
			            "heal_amount": 8
			        },
			        {
			            "item": "fish",
			            "heal_amount": 2
			        },
			        {
			            "item": "salmon",
			            "heal_amount": 2
			        },
			        {
			            "item": "clownfish",
			            "heal_amount": 1
			        },
			        {
			            "item": "pufferfish",
			            "heal_amount": 1
			        },
			        {
			            "item": "cooked_fish",
			            "heal_amount": 5
			        },
			        {
			            "item": "cooked_salmon",
			            "heal_amount": 6
			        },
			        {
			            "item": "beef",
			            "heal_amount": 3
			        },
			        {
			            "item": "cooked_beef",
			            "heal_amount": 8
			        },
			        {
			            "item": "chicken",
			            "heal_amount": 2
			        },
			        {
			            "item": "cooked_chicken",
			            "heal_amount": 6
			        },
			        {
			            "item": "muttonRaw",
			            "heal_amount": 2
			        },
			        {
			            "item": "muttonCooked",
			            "heal_amount": 6
			        },
			        {
			            "item": "rotten_flesh",
			            "heal_amount": 4
			        },
			        {
			            "item": "rabbit",
			            "heal_amount": 3
			        },
			        {
			            "item": "cooked_rabbit",
			            "heal_amount": 5
			        },
			        {
			            "item": "rabbit_stew",
			            "heal_amount": 10
			        }
			    ]
			},
            "minecraft:movement.basic":{
                "max_turn": 30.0
            },
            "minecraft:movement": {
                "value": 0.35
            },
            "minecraft:navigation.walk": {
                "can_path_over_water": true,
                "avoid_water": true,
                "avoid_damage_blocks": true
            },
            "minecraft:behavior.random_stroll": {
                "priority": 2,
                "speed_multiplier": 1.0
            },
            "minecraft:behavior.look_at_player": {
                "priority": 5,
                "look_distance": 6.0,
                "probability": 0.02
            },
            "minecraft:behavior.random_look_around": {
                "priority": 5
            },
            "minecraft:horse.jump_strength": {
                "value": {
                    "range_min": 0.5, 
                    "range_max": 1.0
                }
            }
        },
        "events": {
            "minecraft:entity_spawned":{
                "add":{
                    "component_groups":
                    ["dragon_gravity_true"]
                }
            },
            
            "dragon_to_tamed_var_zero": {
                "add": {
                    "component_groups": [
                        "variant_zero",
                        "dragon_gravity_true",
                        "dragon_is_not_saddled",
                        "dragon_melee_attack",
                        "dragon_target_one",
                        "dragon_is_rideable",
                        "dragon_is_sitable"
                    ]
                }
            },
            "dragon_to_tamed_var_one": {
                "add": {
                    "component_groups": [
                        "variant_one",
                        "dragon_gravity_true",
                        "dragon_is_not_saddled",
                        "dragon_melee_attack",
                        "dragon_target_one",
                        "dragon_is_rideable",
                        "dragon_is_sitable",
                        "dragon_is_sleepable"
                    ]
                }
            },
            "dragon_to_tamed_var_two": {
                "add": {
                    "component_groups": [
                        "variant_two",
                        "dragon_gravity_true",
                        "dragon_is_not_saddled",
                        "dragon_melee_attack",
                        "dragon_target_one",
                        "dragon_is_rideable",
                        "dragon_is_sitable",
                        "dragon_is_sleepable"
                    ]
                }
            },
            "dragon_to_tamed_var_three": {
                "add": {
                    "component_groups": [
                        "variant_three",
                        "dragon_gravity_true",
                        "dragon_is_not_saddled",
                        "dragon_melee_attack",
                        "dragon_target_one",
                        "dragon_is_rideable",
                        "dragon_is_sitable",
                        "dragon_is_sleepable"
                    ]
                }
            },
            "ck:armored":{
                "add": {
                    "component_groups": [
                        "dragon_armored"
                    ]
                }
            },
            "ck:unarmored":{
                "remove": {
                    "component_groups": [
                        "dragon_armored"
                    ]
                }
            },
            "ck:chested":{
                "add": {
                    "component_groups": [
                        "dragon_chested"
                    ]
                }
            },
            "ck:unchested":{
                "remove": {
                    "component_groups": [
                        "dragon_chested"
                    ]
                }
            },
            "dragon_shoot":{
                "remove":{
                    "component_groups": [
                        "player_control"
                    ]
                },
                "add": {
                    "component_groups": [
                        "dragon_range_attack",
                        "dragon_target_two"
                    ]
                }
            },
            "dragon_unshoot":{
                "remove":{
                    "component_groups": [
                        "dragon_range_attack",
                        "dragon_target_two"
                    ]
                },
                "add": {
                    "component_groups": [
                        "player_control"
                    ]
                }
            },
            
            "dragon_saddled":{
                "remove":{
                    "component_groups": [
                        "dragon_is_not_saddled",
                        "dragon_target_one"
                    ]
                },
                "add": {
                    "component_groups": [
                        "dragon_is_saddled",
                        "player_control"
                    ]
                }
            },
            
            "dragon_unsaddled":{
                "remove":{
                    "component_groups": [
                        "dragon_is_saddled",
                        "dragon_fly_on",
                        "dragon_gravity_false",
                        "player_control"
                    ]
                },
                "add": {
                    "component_groups": [
                        "dragon_is_not_saddled",
                        "dragon_fly_off",
                        "dragon_gravity_true",
                        "dragon_target_one"
                    ]
                }
                
            },
            
            "dragon_on_leash":{
                "remove":{
                    "component_groups": [
                        "dragon_fly_on",
                        "dragon_gravity_false"
                    ]
                },
                "add": {
                    "component_groups": [
                        "dragon_onleash",
                        "dragon_fly_off",
                        "dragon_gravity_true"
                    ]
                }
            },
            
            "dragon_on_unleash":{
                "remove":{
                    "component_groups": [
                        "dragon_onleash"
                    ]
                },
                "add": {
                    "component_groups": [
                    ]
                }
                
            },
            
            "dragon_rideable":{
                "remove":{
                    "component_groups": [
                        
                    ]
                },
                "add": {
                    "component_groups": [
                        "dragon_is_rideable"
                    ]
                }
            },
            "dragon_not_rideable":{
                "remove":{
                    "component_groups": [
                        "dragon_is_rideable"
                    ]
                },
                "add": {
                    "component_groups": [
                    ]
                }
            },
            
            "dragon_sitable":{
                "remove":{
                    "component_groups": [
                        
                    ]
                },
                "add": {
                    "component_groups": [
                        "dragon_is_sitable"
                    ]
                }
            },
            "dragon_not_sitable":{
                "remove":{
                    "component_groups": [
                        "dragon_is_sitable"
                    ]
                },
                "add": {
                    "component_groups": [
                    ]
                }
            },
            
            "dragon_sleepable":{
                "remove":{
                    "component_groups": [
                        
                    ]
                },
                "add": {
                    "component_groups": [
                        "dragon_is_sleepable"
                    ]
                }
            },
            "dragon_not_sleepable":{
                "remove":{
                    "component_groups": [
                        "dragon_is_sleepable"
                    ]
                },
                "add": {
                    "component_groups": [
                    ]
                }
            },
            
            
            "enable_fly_mode":{
                "add":{
                    "component_groups": [
                        "dragon_fly_on"
                    ]
                },
                "remove": {
                    "component_groups": [
                        "dragon_fly_off"
                    ]
                }
                
            },
            
            "disable_fly_mode":{
                "remove":{
                    "component_groups": [
                        "dragon_fly_on"
                    ]
                },
                "add": {
                    "component_groups": [
                        "dragon_fly_off"
                    ]
                }
                
            },
            
            "disable_idle_mode":{
                "add":{
                    "component_groups": [
                        "dragon_fly_on",
                        "dragon_gravity_true"
                    ]
                },
                "remove": {
                    "component_groups": [
                        "dragon_fly_off",
                        "dragon_gravity_false"
                    ]
                }
                
            },
            
            "enable_idle_mode":{
                "remove":{
                    "component_groups": [
                        "dragon_fly_on",
                        "dragon_gravity_true"
                    ]
                },
                "add": {
                    "component_groups": [
                        "dragon_fly_off",
                        "dragon_gravity_false"
                    ]
                }
                
            }
        }
    }
}