{
    "format_version": "1.14.0",
    "minecraft:entity": {
        "description": {
            "identifier": "ck:dragon_untamed",
            "is_spawnable": true,
            "is_summonable": true,
            "is_experimental": false
        },
        
        "component_groups": {
            
            
            "variant_zero":{
                "minecraft:variant":{
                    "value": 0
                }
            },
            
            "variant_one":{
                "minecraft:variant":{
                    "value": 1
                }
            },
            
            "variant_two":{
                "minecraft:variant":{
                    "value": 2
                }
            },
            
            "variant_three":{
                "minecraft:variant":{
                    "value": 3
                }
            },
            
            "dragon:pillager_rider": {
                "minecraft:addrider": {
                    "entity_type": "minecraft:pillager"
                },
                "minecraft:is_saddled": {}
            },
            
            
            "dragon_anchor":{
                "minecraft:damage_sensor": {
                    "triggers": {
                        "on_damage": {
                            "filters": {
                                "all_of": [
                                    {
                                        "test": "has_damage",
                                        "value": "fatal"
                                    }
                                ]
                            },
                            "event": "transform_to_dead",
                            "target": "self"
                        }
                    }
                },
                "minecraft:rideable": {
                    "seat_count": 1,
                    "crouching_skip_interact": true,
                    "family_types": ["pillager"],
                    "pull_in_entities": true,
                    "seats": {
                        "position": [ 0, 3.7, 0.2 ]
                    }
                },
                "minecraft:behavior.mount_pathing": {
                    "priority": 5,
                    "speed_multiplier": 1.25,
                    "target_dist": 0.0,
                    "track_target": true
                },
                "minecraft:health": {
                    "value": 100,
                    "max": 100
                },
                "minecraft:experience_reward": {
                    "on_death": "query.last_hit_by_player ? 100 : 0"
                },
                "minecraft:physics": {
                    "has_gravity": false
                },
                "minecraft:can_fly": {
                },
                "minecraft:flying_speed": {
                    "value": 0.6
                },
                "minecraft:movement": {
                    "value": 1.8
                },
                "minecraft:movement.glide": {
                    "start_speed": 3,
                    "speed_when_turning": 2
                },
                "minecraft:follow_range": {
                    "value": 64,
                    "max": 64
                },
                "minecraft:behavior.nearest_attackable_target": {
                    "priority": 1,
                    "within_radius": 64,
                    "reselect_targets": true,
                    "entity_types": [
                        {
                            "filters": {
                                "test": "is_family",
                                "subject": "other",
                                "value": "player"
                            },
                            "max_dist": 64
                        },
                        {
                            "filters": {
                                "test": "is_family",
                                "subject": "other",
                                "value": "wyvern_untamed"
                            },
                            "max_dist": 64
                        }
                    ],
                    "must_see": false,
                    "must_see_forget_duration": 0.5,
                    "scan_interval": 5,
                    "target_search_height": -1.0
                },
                "minecraft:behavior.swoop_attack": {
                    "priority": 2,
                    "delay_range": [ 10.0, 20.0 ]
                },
                "minecraft:behavior.circle_around_anchor": {
                    "priority": 3,
                    "radius_range": [ 20.0, 30.0 ],
                    "radius_change_chance": 250,
                    "height_above_target_range": [ 20.0, 35.0 ],
                    "height_offset_range": [ -4.0, 5.0 ],
                    "height_change_chance": 350,
                    "goal_radius": 1.0
                }
                
            },
            
            "dragon_fly":{
                "minecraft:damage_sensor": {
                    "triggers": [
                        {
                            "on_damage": {
                                "filters": {
                                    "all_of": [
                                        {
                                            "test": "has_damage",
                                            "value": "fatal"
                                        }
                                    ]
                                },
                                "event": "transform_to_anchor",
                                "target": "self"
                            }
                        }
                    ]
                },
                "minecraft:rideable": {
                    "seat_count": 1,
                    "crouching_skip_interact": true,
                    "family_types": ["pillager"],
                    "pull_in_entities": true,
                    "seats": {
                        "position": [ 0, 3.7, 0.2 ]
                    }
                },
                "minecraft:behavior.mount_pathing": {
                    "priority": 5,
                    "speed_multiplier": 1.25,
                    "target_dist": 0.0,
                    "track_target": true
                },
                "minecraft:health": {
                    "value": 80,
                    "max": 80
                },
                "minecraft:experience_reward": {
                    "on_death": "query.last_hit_by_player ? 100 : 0"
                },
                "minecraft:physics": {
                    "has_gravity": false
                },
                "minecraft:can_fly": {
                    "value": true
                },
                "minecraft:movement.generic":{
                    "max_turn": 30.0
                },
                "minecraft:movement.basic":{
                    "max_turn": 30.0
                },
                "minecraft:follow_range": {
                    "value": 64,
                    "max": 64
                },
                "minecraft:jump.static": {},
                "minecraft:can_climb": {},
                "minecraft:movement.fly": {
                    "max_turn": 30
                },
                "minecraft:navigation.float":{
                    "can_path_over_water": true,
                    "can_sink": false,
                    "avoid_sun":false,
                    "can_pass_doors": false,
                    "can_open_doors": false,
                    "avoid_water": true,
                    "avoid_portals": true
                },
                "minecraft:flying_speed":{
                    "value": 0.1
                },
                "minecraft:movement": {
                    "value": 0.1
                },
                "minecraft:behavior.float_wander": {
                    "priority": 0,
                    "xz_dist": 4,
                    "y_dist": 7,
                    "y_offset": 0.0
                },
                "minecraft:shooter": {
                    "type": "dragonfireball",
                    "def": "minecraft:dragon_fireball"
                },
                "minecraft:behavior.ranged_attack": {
                    "priority": 1,
                    "attack_radius": 64,
                    "burst_shots": 3,
                    "burst_interval": 2,
                    "charge_shoot_trigger": 4,
                    "charge_charged_trigger": 1
                },
                "minecraft:behavior.nearest_attackable_target": {
                    "priority": 1,
                    "within_radius": 64,
                    "reselect_targets": true,
                    "entity_types": [
                        {
                            "filters": {
                                "test": "is_family",
                                "subject": "other",
                                "value": "player"
                            },
                            "max_dist": 64
                        },
                        {
                            "filters": {
                                "test": "is_family",
                                "subject": "other",
                                "value": "wyvern_untamed"
                            },
                            "max_dist": 64
                        }
                    ],
                    "must_see": false,
                    "must_see_forget_duration": 0.5,
                    "scan_interval": 5,
                    "target_search_height": -1.0
                }
            },
            
            "dragon_walk":{
                "minecraft:damage_sensor": {
                    "triggers": {
                        "on_damage": {
                            "filters": {
                                "all_of": [
                                    {
                                        "test": "has_damage",
                                        "value": "fatal"
                                    }
                                ]
                            },
                            "event": "transform_to_fly",
                            "target": "self"
                        }
                    }
                },
                "minecraft:knockback_resistance": {
                    "value": 100,
                    "max": 100
                },
                "minecraft:rideable": {
                    "seat_count": 1,
                    "crouching_skip_interact": true,
                    "family_types": ["pillager"],
                    "pull_in_entities": true,
                    "seats": {
                        "position": [ 0, 3.7, 0.2 ]
                    }
                },
                "minecraft:behavior.mount_pathing": {
                    "priority": 5,
                    "speed_multiplier": 1.25,
                    "target_dist": 0.0,
                    "track_target": true
                },
                "minecraft:health": {
                    "value": 70,
                    "max": 70
                },
                "minecraft:experience_reward": {
                    "on_death": "query.last_hit_by_player ? 100 : 0"
                },
                "minecraft:physics": {
                    "has_gravity": true
                },
                "minecraft:behavior.float": {
                    "priority": 0
                },
                "minecraft:jump.static": {},
                "minecraft:can_climb": {},
                "minecraft:movement.basic":{
                    "max_turn": 30.0
                },
                "minecraft:movement": {
                    "value": 0.35
                },
                "minecraft:navigation.walk": {
                    "can_path_over_water": true,
                    "avoid_water": true,
                    "avoid_damage_blocks": true
                },
                "minecraft:behavior.random_stroll": {
                    "priority": 3,
                    "speed_multiplier": 0.8
                },
                "minecraft:behavior.look_at_player": {
                    "priority": 5,
                    "look_distance": 6.0,
                    "probability": 0.02
                },
                "minecraft:behavior.random_look_around": {
                    "priority": 5
                },
                "minecraft:behavior.melee_attack": {
                    "priority": 1,
                    "speed_multiplier": 1.0,
                    "reach_multiplier": 1.4
                },
                "minecraft:behavior.nearest_attackable_target": {
                    "priority": 1,
                    "within_radius": 64,
                    "reselect_targets": true,
                    "entity_types": [
                        {
                            "filters": {
                                "test": "is_family",
                                "subject": "other",
                                "value": "player"
                            },
                            "max_dist": 30
                        },
                        {
                            "filters": {
                                "test": "is_family",
                                "subject": "other",
                                "value": "wyvern_untamed"
                            },
                            "max_dist": 64
                        }
                    ],
                    "must_see": false,
                    "must_see_forget_duration": 0.5,
                    "scan_interval": 5,
                    "target_search_height": -1.0
                }
            },
            
            
            "dragon_transforming_to_fly_var_zero": {
                "minecraft:transformation": {
                    "into": "ck:dragon_untamed<dragon_to_fly_var_zero>",
                    "delay": 0.5
                }
            },
            "dragon_transforming_to_fly_var_one": {
                "minecraft:transformation": {
                    "into": "ck:dragon_untamed<dragon_to_fly_var_one>",
                    "delay": 0.5
                }
            },
            "dragon_transforming_to_fly_var_two": {
                "minecraft:transformation": {
                    "into": "ck:dragon_untamed<dragon_to_fly_var_two>",
                    "delay": 0.5
                }
            },
            "dragon_transforming_to_fly_var_three": {
                "minecraft:transformation": {
                    "into": "ck:dragon_untamed<dragon_to_fly_var_three>",
                    "delay": 0.5
                }
            },
            
            
            "dragon_transforming_to_anchor_var_zero": {
                "minecraft:transformation": {
                    "into": "ck:dragon_untamed<dragon_to_anchor_var_zero>",
                    "delay": 0.5
                }
            },
            "dragon_transforming_to_anchor_var_one": {
                "minecraft:transformation": {
                    "into": "ck:dragon_untamed<dragon_to_anchor_var_one>",
                    "delay": 0.5
                }
            },
            "dragon_transforming_to_anchor_var_two": {
                "minecraft:transformation": {
                    "into": "ck:dragon_untamed<dragon_to_anchor_var_two>",
                    "delay": 0.5
                }
            },
            "dragon_transforming_to_anchor_var_three": {
                "minecraft:transformation": {
                    "into": "ck:dragon_untamed<dragon_to_anchor_var_three>",
                    "delay": 0.5
                }
            },
            
            
            "dragon_transforming_to_dead_var_zero": {
                "minecraft:transformation": {
                    "into": "ck:dragon_untamed<dragon_to_dead_var_zero>",
                    "delay": 0.5
                }
            },
            "dragon_transforming_to_dead_var_one": {
                "minecraft:transformation": {
                    "into": "ck:dragon_untamed<dragon_to_dead_var_one>",
                    "delay": 0.5
                }
            },
            "dragon_transforming_to_dead_var_two": {
                "minecraft:transformation": {
                    "into": "ck:dragon_untamed<dragon_to_dead_var_two>",
                    "delay": 0.5
                }
            },
            "dragon_transforming_to_dead_var_three": {
                "minecraft:transformation": {
                    "into": "ck:dragon_untamed<dragon_to_dead_var_three>",
                    "delay": 0.5
                }
            },
            "dragon_killer": {
                "minecraft:spell_effects": {
                    "add_effects": [
                        {
                            "effect": "blindness",
                            "duration": 999,
                            "amplifier": 6,
                            "visible": true
                        }
                    ]
                }
            },
            "dragon_kill_hide": {
                "minecraft:spell_effects": {
                    "add_effects": [
                        {
                            "effect": "invisibility",
                            "duration": 999,
                            "amplifier": 1,
                            "visible": false
                        },
                        {
                            "effect": "fatal_poison",
                            "duration": 999,
                            "amplifier": 6,
                            "visible": true
                        }
                    ]
                }
            },
            "dragon_invulnerable": {
                "minecraft:damage_sensor": {
                    "triggers": {
                        "cause": "any",
                        "deals_damage": false
                    }
                }
            },
            "dragon_loot":{
                "minecraft:is_baby":{},
                "minecraft:timer": {
                    "time": 5.5,
                    "looping": false,
                    "time_down_event": {
                        "event": "ck:loot_dragon",
                        "target": "self"
                    }
                }
            },
            "dead_dragon":{
                "minecraft:is_sheared": {},
                "minecraft:loot": {
                    "table": "loot_tables/entities/dragon/black_dragon_untamed.json"
                },
                "minecraft:type_family": {
                    "family": [ 
                        "dragon_dead"
                    ]
                },
                "minecraft:health": {
                    "value": 1,
                    "max": 1
                },
                "minecraft:knockback_resistance": {
                    "value": 100,
                    "max": 100
                },
                "minecraft:is_stackable": {
                    "value": false
                },
                "minecraft:push_through": {
                    "value": 1
                },
                "minecraft:physics": {
                    "has_gravity": true,
                    "has_collision": true
                },
                "minecraft:interact": {
                    "interactions": [
                        {
                            "on_interact": {
                                "filters": {
                                    "all_of": [
				                        {
				                            "test": "is_family",
				                            "subject": "other",
				                            "value": "player"
				                        },
				                        { 
				                            "test": "has_equipment", 
				                            "subject": "player", 
				                            "domain": "hand",
				                            "operator": "equals",
				                            "value": "ck:draxe"
				                        }
				                    ]
				                },
				                "event": "ck:loot_dragon_timer"
				            },
				            "interact_text": "§aLoot",
				            "swing": true
				        }
				    ]
                }
            },
            "dragon_spawn_for_nest": {
                "minecraft:physics": {
                    "has_gravity": true,
                    "has_collision": true
                },
                "minecraft:on_target_acquired": {
                    "event": "dragon_to_walk_var_zero",
                    "target": "self"
                },
                "minecraft:behavior.nearest_attackable_target": {
                    "priority": 1,
                    "within_radius": 30,
                    "reselect_targets": true,
                    "entity_types": [{
                        "filters": {
                            "test": "is_family",
                            "subject": "other",
                            "value": "player"
                        },
                    "max_dist": 30
                    }],
                    "must_see": true
                },
                
                "minecraft:behavior.nap": {
                    "priority": 1,
                    "cooldown_min": 15.0,
                    "cooldown_max": 30.0,
                    "mob_detect_dist": 12.0,
                    "mob_detect_height": 6.0,
                    "can_nap_filters": {
                        "all_of": [
                            {
                                "test": "in_water",
                                "subject": "self",
                                "operator": "==",
                                "value": false
                            },
                            {
                                "test": "on_ground",
                                "subject": "self",
                                "operator": "==",
                                "value": true
                            },
                            {
                                "test": "is_weather",
                                "subject": "self",
                                "operator": "!=",
                                "value": "thunderstorm"
                            }
                        ]
                    },
                    "wake_mob_exceptions": {
                        "any_of": [
                            {
                                "test": "is_family",
                                "subject": "other",
                                "operator": "==",
                                "value": "dragon"
                            },
                            {
                                "test": "is_family",
                                "subject": "other",
                                "operator": "==",
                                "value": "dragon_egg"
                            },
                            {
                                "test": "is_sneaking",
                                "subject": "other",
                                "operator": "==",
                                "value": true
                            }
                        ]
                    }
                }
            }
            
        },
        
        "components": {
            "minecraft:type_family": {
                "family": [ 
                    "dragon", 
                    "dragon_untamed"
                ]
            },
            "minecraft:equipment": {
                "table": "loot_tables/entities/fire_sword.json",
                "slot_drop_chance": [
                    {
                        "slot": "slot.weapon.mainhand",
                        "drop_chance": 0.0
                    }
                ]
            },
            "minecraft:behavior.charge_held_item": {
                "items": [
                    "diamond_sword"
                ]
            },
            "minecraft:attack": {
                "damage": [6, 15],
                "effect_name": "blindness",
                "effect_duration": 5
            },
            "minecraft:scale": {
                "value": 0.5
            },
            "minecraft:nameable": {
                "alwaysShow": true
            },
            "minecraft:fire_immune": true,
            "minecraft:breathable": {
                "totalSupply": 15,
                "suffocateTime": 0,
                "breathesAir": true,
                "breathesWater": false
            },
            "minecraft:damage_sensor": {
                "triggers": {
                    "cause": "fall",
                    "deals_damage": false
                }
            },
            "minecraft:collision_box": {
                "width": 5,
                "height": 2
            },
            "minecraft:behavior.hurt_by_target": {
                "priority": 0
            }
        },
        
        "events": {
            
            "minecraft:entity_spawned": {
                "sequence": [
                    {
                        "randomize": [
                            {
                                "weight": 36,
                                "add": {
                                    "component_groups": [
                                        "dragon_walk",
                                        "variant_zero"
                                    ]
                                }
                            },
                            {
                                "weight": 25,
                                "add": {
                                    "component_groups": [
                                        "dragon_walk",
                                        "variant_one"
                                    ]
                                }
                            },
                            {
                                "weight": 25,
                                "add": {
                                    "component_groups": [
                                        "dragon_walk",
                                        "variant_two"
                                    ]
                                }
                            },
                            {
                                "weight": 25,
                                "add": {
                                    "component_groups": [
                                        "dragon_walk",
                                        "variant_three"
                                    ]
                                }
                            }
                        ]
                    }
                ]
            },
            
            "ck:dragon_spawn_for_nest": {
                "add": {
                    "component_groups": [
                        "dragon_spawn_for_nest",
                        "variant_zero"
                    ]
                }
            },
            "dragon_to_walk_var_zero": {
                "add": {
                    "component_groups": [
                        "dragon_walk",
                        "variant_zero"
                    ]
                }
            },
            "dragon_to_walk_var_one": {
                "add": {
                    "component_groups": [
                        "dragon_walk",
                        "variant_one"
                    ]
                }
            },
            "dragon_to_walk_var_two": {
                "add": {
                    "component_groups": [
                        "dragon_walk",
                        "variant_two"
                    ]
                }
            },
            "dragon_to_walk_var_three": {
                "add": {
                    "component_groups": [
                        "dragon_walk",
                        "variant_three"
                    ]
                }
            },
            
            "dragon_to_fly_var_zero": {
                "add": {
                    "component_groups": [
                        "dragon_fly",
                        "variant_zero"
                    ]
                }
            },
            "dragon_to_fly_var_one": {
                "add": {
                    "component_groups": [
                        "dragon_fly",
                        "variant_one"
                    ]
                }
            },
            "dragon_to_fly_var_two": {
                "add": {
                    "component_groups": [
                        "dragon_fly",
                        "variant_two"
                    ]
                }
            },
            "dragon_to_fly_var_three": {
                "add": {
                    "component_groups": [
                        "dragon_fly",
                        "variant_three"
                    ]
                }
            },
            
            "dragon_to_anchor_var_zero": {
                "add": {
                    "component_groups": [
                        "dragon_anchor",
                        "variant_zero"
                    ]
                }
            },
            "dragon_to_anchor_var_one": {
                "add": {
                    "component_groups": [
                        "dragon_anchor",
                        "variant_one"
                    ]
                }
            },
            "dragon_to_anchor_var_two": {
                "add": {
                    "component_groups": [
                        "dragon_anchor",
                        "variant_two"
                    ]
                }
            },
            "dragon_to_anchor_var_three": {
                "add": {
                    "component_groups": [
                        "dragon_anchor",
                        "variant_three"
                    ]
                }
            },
            
            "dragon_to_dead_var_zero": {
                "add": {
                    "component_groups": [
                        "dead_dragon",
                        "variant_zero",
                        "dragon_invulnerable"
                    ]
                }
            },
            "dragon_to_dead_var_one": {
                "add": {
                    "component_groups": [
                        "dead_dragon",
                        "variant_one",
                        "dragon_invulnerable"
                    ]
                }
            },
            "dragon_to_dead_var_two": {
                "add": {
                    "component_groups": [
                        "dead_dragon",
                        "variant_two",
                        "dragon_invulnerable"
                    ]
                }
            },
            "dragon_to_dead_var_three": {
                "add": {
                    "component_groups": [
                        "dead_dragon",
                        "variant_three",
                        "dragon_invulnerable"
                    ]
                }
            },
            
            "ck:loot_dragon_timer": {
                "add": {
                    "component_groups": [
                        "dragon_killer",
                        "dragon_loot"
                    ]
                }
            },
            "ck:loot_dragon": {
                "add": {
                    "component_groups": [
                        "dragon_kill_hide"
                    ]
                },
                "remove": {
                    "component_groups": [
                        "dragon_invulnerable"
                    ]
                }
            },
            
            "transform_to_fly": {
                "sequence": [
                    {
                        "filters": {
                            "test": "is_variant",
                            "value": 0
                        },
                        "add": {
                            "component_groups": 
                            [
                    "dragon_transforming_to_fly_var_zero"
                            ]
                        },
                        "remove": {
                            "component_groups":
                            [ "dragon_walk" ]
                        }
                    },
                    {
                        "filters": {
                            "test": "is_variant",
                            "value": 1
                        },
                        "add": {
                            "component_groups": 
                            [
                    "dragon_transforming_to_fly_var_one"
                            ]
                        },
                        "remove": {
                            "component_groups":
                            [ "dragon_walk" ]
                        }
                    },
                    {
                        "filters": {
                            "test": "is_variant",
                            "value": 2
                        },
                        "add": {
                            "component_groups": 
                            [
                    "dragon_transforming_to_fly_var_two"
                            ]
                        },
                        "remove": {
                            "component_groups":
                            [ "dragon_walk" ]
                        }
                    },
                    {
                        "filters": {
                            "test": "is_variant",
                            "value": 3
                        },
                        "add": {
                            "component_groups": 
                            [
                    "dragon_transforming_to_fly_var_three"
                            ]
                        },
                        "remove": {
                            "component_groups":
                            [ "dragon_walk" ]
                        }
                    }
                ]
            },
            
            "transform_to_anchor": {
                "sequence": [
                    {
                        "filters": {
                            "test": "is_variant",
                            "value": 0
                        },
                        "add": {
                            "component_groups": 
                            [
                    "dragon_transforming_to_anchor_var_zero"
                            ]
                        },
                        "remove": {
                            "component_groups":
                            [ "dragon_fly" ]
                        }
                    },
                    {
                        "filters": {
                            "test": "is_variant",
                            "value": 1
                        },
                        "add": {
                            "component_groups": 
                            [
                    "dragon_transforming_to_anchor_var_one"
                            ]
                        },
                        "remove": {
                            "component_groups":
                            [ "dragon_fly" ]
                        }
                    },
                    {
                        "filters": {
                            "test": "is_variant",
                            "value": 2
                        },
                        "add": {
                            "component_groups": 
                            [
                    "dragon_transforming_to_anchor_var_two"
                            ]
                        },
                        "remove": {
                            "component_groups":
                            [ "dragon_fly" ]
                        }
                    },
                    {
                        "filters": {
                            "test": "is_variant",
                            "value": 3
                        },
                        "add": {
                            "component_groups": 
                            [
                    "dragon_transforming_to_anchor_var_three"
                            ]
                        },
                        "remove": {
                            "component_groups":
                            [ "dragon_fly" ]
                        }
                    }
                ]
            },
            
            "transform_to_dead": {
                "sequence": [
                    {
                        "filters": {
                            "test": "is_variant",
                            "value": 0
                        },
                        "add": {
                            "component_groups": 
                            [
                                "dragon_transforming_to_dead_var_zero"
                            ]
                        },
                        "remove": {
                            "component_groups":
                            [ "dragon_anchor" ]
                        }
                    },
                    {
                        "filters": {
                            "test": "is_variant",
                            "value": 1
                        },
                        "add": {
                            "component_groups": 
                            [
                    "dragon_transforming_to_dead_var_one"
                            ]
                        },
                        "remove": {
                            "component_groups":
                            [ "dragon_anchor" ]
                        }
                    },
                    {
                        "filters": {
                            "test": "is_variant",
                            "value": 2
                        },
                        "add": {
                            "component_groups": 
                            [
                    "dragon_transforming_to_dead_var_two"
                            ]
                        },
                        "remove": {
                            "component_groups":
                            [ "dragon_anchor" ]
                        }
                    },
                    {
                        "filters": {
                            "test": "is_variant",
                            "value": 3
                        },
                        "add": {
                            "component_groups": 
                            [
                    "dragon_transforming_to_dead_var_three"
                            ]
                        },
                        "remove": {
                            "component_groups":
                            [ "dragon_anchor" ]
                        }
                    }
                ]
            }
        }
    }
}