{
   "content" : [
      {
         "path" : "contents.json"
      },
      {
         "path" : "recipes/wing_remover.json"
      },
      {
         "path" : "recipes/wing_orb.json"
      },
      {
         "path" : "recipes/pegasus_black_wings.json"
      },
      {
         "path" : "recipes/pegasus_red_wings.json"
      },
      {
         "path" : "recipes/sword_12_pattern.json"
      },
      {
         "path" : "recipes/sword_11_pattern.json"
      },
      {
         "path" : "recipes/sword_3_pattern.json"
      },
      {
         "path" : "recipes/dragon_nest.json"
      },
      {
         "path" : "recipes/ice_dragon_armor.json"
      },
      {
         "path" : "recipes/poison_wyvern_armor.json"
      },
      {
         "path" : "recipes/print_catridge.json"
      },
      {
         "path" : "recipes/igniside.json"
      },
      {
         "path" : "recipes/cyrilite.json"
      },
      {
         "path" : "recipes/stonecutter_fire_dracolyte.json"
      },
      {
         "path" : "recipes/furnace_serpent_raw_meat.json"
      },
      {
         "path" : "recipes/stonecutter_orc_sword_2.json"
      },
      {
         "path" : "recipes/paper_plaque.json"
      },
      {
         "path" : "recipes/furnace_dragon_raw_meat.json"
      },
      {
         "path" : "recipes/furnace_raw_angler_fish.json"
      },
      {
         "path" : "recipes/dragon_saddle.json"
      },
      {
         "path" : "recipes/sword_1_pattern.json"
      },
      {
         "path" : "recipes/sword_5_pattern.json"
      },
      {
         "path" : "recipes/chainmail_leggings.json"
      },
      {
         "path" : "recipes/chainmail_boots.json"
      },
      {
         "path" : "recipes/chainmail_helmet.json"
      },
      {
         "path" : "recipes/stonecutter_orc_sword_1.json"
      },
      {
         "path" : "blocks/fossil_block_d.json"
      },
      {
         "path" : "blocks/poison_biome_blocks/poison_dracolyte_ore.json"
      },
      {
         "path" : "blocks/poison_biome_blocks/nested_rack.json"
      },
      {
         "path" : "blocks/poison_biome_blocks/nested_rack_s.json"
      },
      {
         "path" : "blocks/poison_biome_blocks/p_leaves.json"
      },
      {
         "path" : "recipes/stonecutter_ice_dracolyte.json"
      },
      {
         "path" : "blocks/poison_biome_blocks/venomsoil.json"
      },
      {
         "path" : "blocks/poison_biome_blocks/venomrack.json"
      },
      {
         "path" : "blocks/fire_biome_blocks/volcanic_block_s.json"
      },
      {
         "path" : "blocks/fire_biome_blocks/f_logs.json"
      },
      {
         "path" : "blocks/fire_biome_blocks/stone_scorched.json"
      },
      {
         "path" : "blocks/fire_biome_blocks/f_leaves.json"
      },
      {
         "path" : "blocks/fire_biome_blocks/volcanic_block.json"
      },
      {
         "path" : "blocks/fire_biome_blocks/flamesoil.json"
      },
      {
         "path" : "blocks/fire_biome_blocks/flamerack.json"
      },
      {
         "path" : "recipes/stonecutter_fossil_block_d.json"
      },
      {
         "path" : "blocks/dragon_nest.json"
      },
      {
         "path" : "blocks/ice_biome_blocks/i_leaves.json"
      },
      {
         "path" : "blocks/ice_biome_blocks/curved_froststone.json"
      },
      {
         "path" : "recipes/sword_8_pattern.json"
      },
      {
         "path" : "blocks/ice_biome_blocks/frostsoil.json"
      },
      {
         "path" : "blocks/ice_biome_blocks/frostrack.json"
      },
      {
         "path" : "blocks/ice_biome_blocks/i_planks.json"
      },
      {
         "path" : "blocks/ice_biome_blocks/i_logs.json"
      },
      {
         "path" : "blocks/ice_biome_blocks/ice_dracolyte_ore.json"
      },
      {
         "path" : "items/patterns/sword_3_pattern.json"
      },
      {
         "path" : "biomes/frostbitten_less_hills.biome.json"
      },
      {
         "path" : "items/patterns/sword_1_pattern.json"
      },
      {
         "path" : "biomes/scorched_hills.biome.json"
      },
      {
         "path" : "biomes/scorched_mutated.biome.json"
      },
      {
         "path" : "items/black_dragon/armors/poison_dragon_armor.json"
      },
      {
         "path" : "recipes/furnace_fire_dracolyte_crystal.json"
      },
      {
         "path" : "recipes/fire_dragon_armor.json"
      },
      {
         "path" : "items/patterns/dragon_armor_pattern.json"
      },
      {
         "path" : "items/black_dragon/armors/fire_dragon_armor.json"
      },
      {
         "path" : "recipes/sword_7_pattern.json"
      },
      {
         "path" : "biomes/toxic_hills_mutated.biome.json"
      },
      {
         "path" : "items/black_dragon/dragon_scale.json"
      },
      {
         "path" : "items/swords/sword_5.json"
      },
      {
         "path" : "entities/black_dragon/dragon_untamed.json"
      },
      {
         "path" : "items/black_dragon/dragon_claw.json"
      },
      {
         "path" : "blocks/poison_biome_blocks/p_logs.json"
      },
      {
         "path" : "pack_icon.png"
      },
      {
         "path" : "features/ore_iron_feature.json"
      },
      {
         "path" : "items/black_dragon/dragon_bone.json"
      },
      {
         "path" : "loot_tables/entities/salmon_large.json"
      },
      {
         "path" : "spawn_rules/pegasus.json"
      },
      {
         "path" : "items/materials/poison_dracolyte.json"
      },
      {
         "path" : "spawn_rules/angler_fish.json"
      },
      {
         "path" : "spawn_rules/wyvern.json"
      },
      {
         "path" : "animation_controllers/controller.animation.player_transitions.json"
      },
      {
         "path" : "blocks/fire_biome_blocks/f_planks.json"
      },
      {
         "path" : "features/ore_nested_rack.json"
      },
      {
         "path" : "items/patterns/sword_4_pattern.json"
      },
      {
         "path" : "loot_tables/entities/sea_serpent/sea_serpent.json"
      },
      {
         "path" : "features/ore_coal_feature.json"
      },
      {
         "path" : "loot_tables/entities/dragon/black_dragon_tamed.json"
      },
      {
         "path" : "items/ice_dracolyte_crystal.json"
      },
      {
         "path" : "items/wyvern/wyvern_cooked_meat.json"
      },
      {
         "path" : "loot_tables/entities/wyvern/wyvern_poison.json"
      },
      {
         "path" : "items/patterns/sword_11_pattern.json"
      },
      {
         "path" : "loot_tables/entities/dragon/black_dragon_untamed.json"
      },
      {
         "path" : "recipes/dracolyte_forge_item.json"
      },
      {
         "path" : "items/wyvern/armors/fire_wyvern_armor.json"
      },
      {
         "path" : "items/materials/ice_dracolyte.json"
      },
      {
         "path" : "blocks/ice_biome_blocks/curved_froststone_s.json"
      },
      {
         "path" : "entities/wyvern/wyvern_baby.json"
      },
      {
         "path" : "LICENSE.txt"
      },
      {
         "path" : "features/ore_curved_froststone.json"
      },
      {
         "path" : "items/serpent/serpent_fang.json"
      },
      {
         "path" : "loot_tables/entities/pegasus_feather_drop.json"
      },
      {
         "path" : "items/serpent/serpent_raw_meat.json"
      },
      {
         "path" : "feature_rules/curved_froststone_surface.json"
      },
      {
         "path" : "items/black_dragon/armors/ice_dragon_armor.json"
      },
      {
         "path" : "biomes/frostbitten_river.biome.json"
      },
      {
         "path" : "biomes/frostbitten.biome.json"
      },
      {
         "path" : "animation_controllers/pegasus_transitions.json"
      },
      {
         "path" : "entities/player.json"
      },
      {
         "path" : "items/materials/fire_ingot.json"
      },
      {
         "path" : "animation_controllers/controller.animation.player_swords.json"
      },
      {
         "path" : "animation_controllers/fly_system.json"
      },
      {
         "path" : "spawn_rules/orc.json"
      },
      {
         "path" : "items/materials/fire_dracolyte.json"
      },
      {
         "path" : "feature_rules/fossil_w_ore.json"
      },
      {
         "path" : "items/serpent/serpent_scale.json"
      },
      {
         "path" : "recipes/i_planks.json"
      },
      {
         "path" : "loot_tables/entities/orc/orc.json"
      },
      {
         "path" : "manifest.json"
      },
      {
         "path" : "animations/fly_control.animation.json"
      },
      {
         "path" : "recipes/stonecutter_poison_dracolyte.json"
      },
      {
         "path" : "items/black_dragon/dragon_fang.json"
      },
      {
         "path" : "items/black_dragon/dragon_cooked_meat.json"
      },
      {
         "path" : "blocks/fire_biome_blocks/flamestone.json"
      },
      {
         "path" : "items/wyvern/armors/ice_wyvern_armor.json"
      },
      {
         "path" : "loot_tables/entities/salmon_normal.json"
      },
      {
         "path" : "entities/wyvern/wyvern_tamed_female.json"
      },
      {
         "path" : "items/poison_dracolyte_crystal.json"
      },
      {
         "path" : "recipes/furnace_poison_dracolyte_crystal.json"
      },
      {
         "path" : "items/wing_orb.json"
      },
      {
         "path" : "animation_controllers/dragon_transitions.json"
      },
      {
         "path" : "entities/dracolyte_forge.json"
      },
      {
         "path" : "items/igniside.json"
      },
      {
         "path" : "entities/wyvern/fire_wyvern_egg.json"
      },
      {
         "path" : "items/swords/sword_11.json"
      },
      {
         "path" : "features/ore_flamesoil.json"
      },
      {
         "path" : "entities/black_dragon/dragon_tamed_female.json"
      },
      {
         "path" : "items/serpent/serpent_cooked_meat.json"
      },
      {
         "path" : "recipes/terronit.json"
      },
      {
         "path" : "items/materials/print_catridge.json"
      },
      {
         "path" : "items/materials/ice_ingot.json"
      },
      {
         "path" : "features/ore_volcanic_block.json"
      },
      {
         "path" : "animations/player.animation.json"
      },
      {
         "path" : "items/materials/paper_plaque.json"
      },
      {
         "path" : "feature_rules/iron_ores.json"
      },
      {
         "path" : "entities/sea_serpent.json"
      },
      {
         "path" : "animations/nest_finder.animation.json"
      },
      {
         "path" : "entities/pillager.json"
      },
      {
         "path" : "items/patterns/wyvern_armor_pattern.json"
      },
      {
         "path" : "items/wyvern/wyvern_claw.json"
      },
      {
         "path" : "blocks/poison_biome_blocks/p_planks.json"
      },
      {
         "path" : "items/angler_fish/raw_angler_fish.json"
      },
      {
         "path" : "animations/wyvern_egg.animation.json"
      },
      {
         "path" : "recipes/sword_10_pattern.json"
      },
      {
         "path" : "items/patterns/sword_2_pattern.json"
      },
      {
         "path" : "entities/small_fireball.json"
      },
      {
         "path" : "loot_tables/entities/fire_sword.json"
      },
      {
         "path" : ".zip"
      },
      {
         "path" : "items/black_dragon/dragon_raw_meat.json"
      },
      {
         "path" : "entities/wyvern/wyvern_untamed.json"
      },
      {
         "path" : "items/wyvern/wyvern_fang.json"
      },
      {
         "path" : "recipes/sword_4_pattern.json"
      },
      {
         "path" : "entities/orc.json"
      },
      {
         "path" : "functions/swords.mcfunction"
      },
      {
         "path" : "entities/wyvern/ice_wyvern_egg.json"
      },
      {
         "path" : "items/cyrilite.json"
      },
      {
         "path" : "items/wings/pegasus_white_wings.json"
      },
      {
         "path" : "loot_tables/entities/wyvern/wyvern_fire.json"
      },
      {
         "path" : "recipes/chainmail_chestplate.json"
      },
      {
         "path" : "features/fire_dracolyte_ore.json"
      },
      {
         "path" : "items/draxe.json"
      },
      {
         "path" : "items/wyvern/wyvern_raw_meat.json"
      },
      {
         "path" : "items/wyvern/armors/poison_wyvern_armor.json"
      },
      {
         "path" : "entities/black_dragon/black_dragon_egg.json"
      },
      {
         "path" : "items/dragon_saddle.json"
      },
      {
         "path" : "blocks/poison_biome_blocks/venomstone.json"
      },
      {
         "path" : "features/ore_fossil_d_feature.json"
      },
      {
         "path" : "loot_tables/entities/dracolyte_forge.json"
      },
      {
         "path" : "recipes/fire_wyvern_armor.json"
      },
      {
         "path" : "loot_tables/entities/spawn_egg.json"
      },
      {
         "path" : "items/swords/sword_6.json"
      },
      {
         "path" : "entities/wyvern/wyvern_tamed_male.json"
      },
      {
         "path" : "items/swords/sword_4.json"
      },
      {
         "path" : "feature_rules/fire_dracolyte.json"
      },
      {
         "path" : "feature_rules/gravel_underground_ores.json"
      },
      {
         "path" : "entities/ravager.json"
      },
      {
         "path" : "loot_tables/entities/wyvern/wyvern_ice.json"
      },
      {
         "path" : "items/swords/sword_1.json"
      },
      {
         "path" : "entities/wyvern/poison_wyvern_egg.json"
      },
      {
         "path" : "animation_controllers/controller.animation.dracolyte_forge.json"
      },
      {
         "path" : "feature_rules/diamond_ores.json"
      },
      {
         "path" : "recipes/f_planks.json"
      },
      {
         "path" : "items/patterns/sword_5_pattern.json"
      },
      {
         "path" : "loot_tables/entities/orc/orc_follower_equipment.json"
      },
      {
         "path" : "items/wyvern/wyvern_bone.json"
      },
      {
         "path" : "features/ice_dracolyte_ore.json"
      },
      {
         "path" : "entities/black_dragon/dragon_tamed_male.json"
      },
      {
         "path" : "animations/black_dragon.json"
      },
      {
         "path" : "biomes/toxic_river.biome.json"
      },
      {
         "path" : "loot_tables/entities/angler_fish/angler_fish.json"
      },
      {
         "path" : "items/patterns/sword_6_pattern.json"
      },
      {
         "path" : "feature_rules/fossil_d_ore.json"
      },
      {
         "path" : "items/patterns/sword_7_pattern.json"
      },
      {
         "path" : "recipes/p_planks.json"
      },
      {
         "path" : "spawn_rules/dragon_untamed.json"
      },
      {
         "path" : "items/patterns/sword_8_pattern.json"
      },
      {
         "path" : "features/ore_lapis_feature.json"
      },
      {
         "path" : "blocks/fossil_block_w.json"
      },
      {
         "path" : "items/patterns/sword_10_pattern.json"
      },
      {
         "path" : "items/patterns/sword_12_pattern.json"
      },
      {
         "path" : "features/ore_venomsoil.json"
      },
      {
         "path" : "recipes/sword_9_pattern.json"
      },
      {
         "path" : "loot_tables/entities/wyvern/wyvern_tamed.json"
      },
      {
         "path" : "entities/angler_fish.json"
      },
      {
         "path" : "items/terronit.json"
      },
      {
         "path" : "entities/pegasus.json"
      },
      {
         "path" : "items/fire_dracolyte_crystal.json"
      },
      {
         "path" : "feature_rules/coal_ores.json"
      },
      {
         "path" : "recipes/furnace_ice_dracolyte_crystal.json"
      },
      {
         "path" : "blocks/ice_biome_blocks/froststone.json"
      },
      {
         "path" : "items/dracolyte_forge_item.json"
      },
      {
         "path" : "items/swords/orc_sword_1.json"
      },
      {
         "path" : "items/swords/orc_sword_2.json"
      },
      {
         "path" : "items/swords/orc_sword.json"
      },
      {
         "path" : "features/ore_fossil_w_feature.json"
      },
      {
         "path" : "recipes/furnace_wyvern_raw_meat.json"
      },
      {
         "path" : "blocks/fire_biome_blocks/fire_dracolyte_ore.json"
      },
      {
         "path" : "items/swords/sword_2.json"
      },
      {
         "path" : "items/angler_fish/cooked_angler_fish.json"
      },
      {
         "path" : "biomes/scorched_river.biome.json"
      },
      {
         "path" : "items/swords/sword_7.json"
      },
      {
         "path" : "biomes/frostbitten_mutated.biome.json"
      },
      {
         "path" : "items/swords/sword_8.json"
      },
      {
         "path" : "recipes/sword_2_pattern.json"
      },
      {
         "path" : "items/swords/sword_9.json"
      },
      {
         "path" : "recipes/ice_wyvern_armor.json"
      },
      {
         "path" : "entities/drag.json"
      },
      {
         "path" : "items/patterns/sword_9_pattern.json"
      },
      {
         "path" : "items/swords/sword_10.json"
      },
      {
         "path" : "items/swords/sword_12.json"
      },
      {
         "path" : "items/wings/pegasus_black_wings.json"
      },
      {
         "path" : "feature_rules/air_surface.json"
      },
      {
         "path" : "items/wings/pegasus_red_wings.json"
      },
      {
         "path" : "animation_controllers/wyvern_transitions.json"
      },
      {
         "path" : "items/pegasus_feather.json"
      },
      {
         "path" : "items/wing_remover.json"
      },
      {
         "path" : "recipes/pegasus_white_wings.json"
      },
      {
         "path" : "biomes/toxic_mutated.biome.json"
      },
      {
         "path" : "trading/forger_trades.json"
      },
      {
         "path" : "recipes/stonecutter_fossil_block_w.json"
      },
      {
         "path" : "feature_rules/flamesoil_extra.json"
      },
      {
         "path" : "trading/economy_trades/orc_trades.json"
      },
      {
         "path" : "biomes/toxic_less_hills.biome.json"
      },
      {
         "path" : "feature_rules/flamesoil_surface.json"
      },
      {
         "path" : "recipes/poison_dragon_armor.json"
      },
      {
         "path" : "biomes/frostbitten_hills_mutated.biome.json"
      },
      {
         "path" : "feature_rules/frostsoil_extra.json"
      },
      {
         "path" : "feature_rules/volcanic_block_surface.json"
      },
      {
         "path" : "entities/black_dragon/black_dragon_baby.json"
      },
      {
         "path" : "feature_rules/nested_rack_surface.json"
      },
      {
         "path" : "loot_tables/entities/orc/orc_captain_equipment.json"
      },
      {
         "path" : "feature_rules/venomsoil_extra.json"
      },
      {
         "path" : "spawn_rules/sea_serpent.json"
      },
      {
         "path" : "features/ore_frostsoil.json"
      },
      {
         "path" : "feature_rules/gravel_extra_ores.json"
      },
      {
         "path" : "biomes/toxic.biome.json"
      },
      {
         "path" : "feature_rules/frostsoil_surface.json"
      },
      {
         "path" : "feature_rules/ice_dracolyte.json"
      },
      {
         "path" : "feature_rules/poison_dracolyte.json"
      },
      {
         "path" : "feature_rules/gold_ore.json"
      },
      {
         "path" : "feature_rules/lapis_ores.json"
      },
      {
         "path" : "recipes/sword_6_pattern.json"
      },
      {
         "path" : "feature_rules/air.json"
      },
      {
         "path" : "features/poison_dracolyte_ore.json"
      },
      {
         "path" : "features/ore_gold_feature.json"
      },
      {
         "path" : "features/air_feature.json"
      },
      {
         "path" : "feature_rules/venomsoil_surface.json"
      },
      {
         "path" : "features/ore_gravel_feature.json"
      },
      {
         "path" : "features/ore_diamond_feature.json"
      },
      {
         "path" : "biomes/scorched_less_hills.biome.json"
      },
      {
         "path" : "items/swords/sword_3.json"
      },
      {
         "path" : "biomes/scorched.biome.json"
      },
      {
         "path" : "items/materials/poison_ingot.json"
      },
      {
         "path" : "biomes/scorched_hills_mutated.biome.json"
      },
      {
         "path" : "biomes/frostbitten_hills.biome.json"
      },
      {
         "path" : "biomes/toxic_hills.biome.json"
      }
   ],
   "version" : 1
}
