{
    "pools": [
        {
            "rolls": 1,
            "entries": [
                {
                    "type": "item",
                    "name": "ck:wyvern_raw_meat",
                    "weight": 50,
                    "functions": [
                        {
                            "function": "set_count",
                            "count": {
                                "min": 1,
                                "max": 3
                            }
                        },
                        {
                            "function": "looting_enchant",
                            "count": {
                                "min": 0,
                                "max": 16
                            }
                        }
                    ]
                },
                {
                    "type": "item",
                    "name": "ck:wyvern_bone",
                    "weight": 50,
                    "functions": [
                        {
                            "function": "set_count",
                            "count": {
                                "min": 1,
                                "max": 3
                            }
                        },
                        {
                            "function": "looting_enchant",
                            "count": {
                                "min": 0,
                                "max": 5
                            }
                        }
                    ]
                }
            ]
        }
    ]
}


